LINEA,STOP_ID
151,1000086
168,1000086
105,1005465
15,1002096
29,1002096
110,1006607
71,1006607
90,1004767
112,1003500
23,1001215
6,1001215
24,1003957
109,1004561
160,1001497
56,1003521
63,1006066
180,1006230
21,1005900
76,1003384
114,1007280
151,1003444
160,1001936
37,1001936
33,1001927
45,1001927
28,1004215
,1003636
108,1000897
111,1000897
60,1000505
95,1000505
151,1000097
168,1000097
55,1000656
168,1000080
110,1004017
57,1004017
140,1001925
140,1000460
45,1001588
9,1001588
84,1004061
134,1005131
22,1001010
7,1001010
91,1001010
126,1001014
50,1001014
111,1001019
146,1001019
56,1001019
29,1001021
64,1001021
146,1002539
104,1002592
60,1001818
56,1001657
151,1001658
90,1001658
95,1001120
109,1004468
124,1004468
47,1004468
47,1004070
103,1001312
2,1001312
84,1001294
98,1001294
103,1001485
111,1000064
20,1000064
60,1002034
36,1003320
84,1003320
25,1004305
42,1004305
134,1002257
172,1002257
99,1002257
49,1003254
109,1004554
47,1004554
1,1002222
128,1001538
160,1001538
165,1001538
88,1006362
96,1006302
5,1005398
113,1006075
182,1006325
133,1004671
132,1003556
150,1005175
91,1005175
76,1007035
4,1005774
46,1006795
150,1005839
104,1006588
55,1006588
177,1005886
75,1005886
44,1006531
6,1006083
126,1006454
185,1006837
15,1002713
29,1002713
130,1002343
151,1003353
71,1003353
117,1006657
21,1003614
28,1003614
117,1006653
71,1003358
151,1003360
33,1006968
45,1006968
160,1006967
37,1006967
33,1006991
45,1006991
29,1007293
130,1003390
71,1003390
130,1007299
29,1007299
76,1003385
107,1002089
33,1001952
45,1001952
29,1006601
28,1004208
175,1002626
107,1007303
67,1003342
76,1003342
41,1006626
93,1006626
64,1002737
169,1003245
175,1003245
41,1003245
19,1003367
42,1002013
64,1002013
113,1003207
64,1002008
160,1001888
34,1001888
169,1003237
41,1003237
118,1001989
64,1002002
168,1002768
184,1002768
19,1002447
114,1004780
133,1004780
118,1001982
60,1001982
33,1006894
45,1006894
168,1001758
10,1001331
130,1001331
60,1001976
29,1001978
59,1001978
64,1001978
140,1003220
169,1003220
33,1006893
45,1006893
118,1001974
59,1002298
60,1002298
111,1003206
140,1003206
113,1002418
76,1002418
113,1004641
176,1005134
90,1005134
118,1001970
55,1001970
64,1001970
151,1001786
168,1001786
175,1005095
168,1001755
151,1001761
168,1001761
44,1002414
65,1002414
112,1004637
113,1004637
140,1004637
42,1002359
63,1002359
80,1002429
111,1004619
,1001337
15,1000711
55,1000711
110,1004727
175,1004727
110,1004725
175,1004725
112,1001787
140,1001787
19,1001787
110,1003214
169,1003214
67,1000701
95,1000701
112,1003509
140,1003509
90,1003509
93,1003509
168,1002367
128,1000907
188,1000907
110,1005025
143,1006901
140,1002390
112,1001781
140,1001781
176,1001781
19,1001781
44,1001781
65,1001781
90,1001781
93,1001781
140,1003627
176,1003627
90,1003627
112,1003628
112,1003629
93,1003629
55,1000681
39,1000155
127,1003486
71,1003486
108,1003485
176,1003485
102,1001334
130,1001334
67,1001334
108,1000896
111,1000896
111,1000651
29,1000651
188,1000930
60,1000930
95,1000930
90,1004750
37,1000922
95,1000922
110,1000905
160,1000905
12,1000826
15,1000826
36,1000826
108,1000098
60,1000512
95,1000512
110,1004741
110,1004737
87,1004737
39,1000095
12,1000835
160,1000786
57,1000786
62,1001005
92,1001005
93,1001005
123,1003456
87,1003456
106,1007015
132,1007015
20,1007015
107,1004718
114,1004718
87,1004718
111,1004186
123,1004186
34,1000314
39,1000314
124,1000780
67,1000780
110,1000638
123,1003480
80,1003480
123,1003481
80,1003481
87,1003481
93,1003780
108,1003805
110,1000603
57,1000603
110,1004739
87,1004739
26,1006907
123,1004153
108,1003833
110,1000601
141,1000601
15,1000601
108,1004670
123,1004670
111,1000476
29,1000476
124,1000770
17,1000770
102,1000776
10,1000527
59,1000527
124,1000531
140,1000085
111,1000132
39,1000132
36,1000264
101,1004571
100,1001726
75,1001726
102,1000393
12,1000130
141,1000597
15,1000597
12,1000169
39,1000169
109,1000741
106,1004021
57,1004021
60,1001859
80,1003462
140,1001783
107,1005508
114,1005508
110,1004019
57,1004019
106,1000134
109,1000134
151,1000134
106,1000198
140,1000199
140,1000196
106,1000197
55,1003965
65,1003637
76,1003637
111,1000193
132,1000961
109,1002589
36,1002589
140,1000477
188,1000473
29,1000473
146,1005381
80,1005381
5,1001494
26,1001579
9,1001496
45,1001580
109,1001499
140,1001581
132,1001528
105,1005452
108,1005452
102,1001713
26,1001713
146,1005416
80,1005416
5,1001685
75,1001685
12,1002344
33,1001433
152,1001434
61,1001434
7,1001434
114,1005472
,1001687
109,1002587
36,1002587
75,1000432
180,1001217
188,1001126
64,1001126
113,1004284
133,1004284
110,1003950
24,1003950
76,1003950
12,1001265
71,1003654
92,1003654
102,1002381
23,1002381
102,1002388
127,1002518
92,1002518
124,1001879
180,1001879
44,1004232
24,1002000
26,1002000
124,1000404
180,1000404
24,1000406
26,1000406
134,1005015
114,1005012
124,1004063
84,1004063
110,1004064
134,1004064
128,1002560
151,1002560
127,1002561
19,1002561
90,1002561
132,1001128
109,1003989
47,1004574
71,1002060
105,1003920
57,1003920
135,1003921
146,1003921
24,1000967
29,1000969
91,1000969
146,1000363
24,1000363
26,1000363
107,1005005
50,1001805
101,1002904
188,1002904
146,1004986
80,1004986
151,1002571
19,1002571
90,1002571
124,1004065
84,1004065
133,1004092
63,1004092
124,1002073
180,1002073
24,1002073
25,1005002
134,1004601
105,1003593
146,1003593
146,1002537
105,1002536
146,1002536
146,1000955
50,1000955
111,1000959
146,1000375
5,1001811
7,1001811
180,1002552
23,1002114
5,1000386
7,1000386
105,1002545
146,1002545
109,1003767
135,1003767
106,1003684
107,1004995
7,1000297
8,1000298
86,1000298
5,1000304
95,1000304
56,1000868
64,1000868
8,1000868
86,1000868
105,1000330
5,1000330
124,1003721
76,1003721
109,1004396
39,1001849
103,1001273
90,1001273
41,1002943
7,1002943
132,1001367
12,1001244
37,1001244
168,1001077
92,1003681
113,1004103
21,1004532
28,1004532
106,1003715
124,1003715
99,1003715
109,1004404
135,1004974
181,1003712
84,1003712
98,1001854
165,1001522
180,1001522
151,1001147
90,1001147
33,1000582
64,1000582
93,1000582
159,1000583
5,1001246
8,1001246
86,1001246
113,1004098
181,1003310
84,1003310
84,1001233
98,1001233
181,1003714
84,1003714
33,1000619
152,1000620
62,1000620
143,1000621
159,1000621
64,1000622
74,1000622
168,1001634
50,1001634
124,1002317
84,1002317
103,1001308
2,1001308
124,1003699
99,1003699
26,1001315
53,1005195
84,1001293
98,1001293
109,1004467
124,1004467
47,1004467
88,1003563
132,1003564
26,1003564
2,1003565
5,1003565
5,1003566
8,1003566
85,1003566
86,1003566
8,1001443
86,1001443
24,1001830
114,1004938
85,1004938
23,1001617
96,1001617
84,1001457
84,1001374
160,1001525
84,1001372
61,1000587
74,1000587
143,1000588
8,1000588
86,1000588
2,1003133
5,1003133
85,1003133
103,1003131
8,1003131
86,1003131
141,1003607
8,1003607
86,1003607
23,1003013
32,1002936
41,1002936
56,1002936
75,1002936
25,1003128
88,1003128
50,1002428
6,1002432
104,1003287
55,1003287
135,1003298
42,1003298
115,1001587
127,1001513
160,1001513
181,1004303
53,1004031
7,1001532
88,1001532
150,1002444
37,1002444
188,1003007
53,1003007
61,1003007
4,1006949
112,1001319
65,1001319
126,1003006
53,1003006
172,1002263
92,1002263
53,1005192
180,1003077
26,1003077
135,1003297
42,1003297
85,1004961
2,1006951
2,1006953
143,1002825
53,1002825
109,1004550
47,1004550
39,1002794
60,1002794
102,1002795
12,1002795
53,1002795
151,1002467
90,1002467
53,1001472
7,1001472
103,1003176
2,1003258
8,1003258
86,1003258
108,1004799
47,1004799
36,1003252
49,1003252
5,1003252
132,1003324
25,1003324
85,1003324
25,1004956
47,1004956
88,1003041
51,1007137
25,1005682
4,1002930
62,1002930
2,1002206
5,1002206
76,1002206
8,1002206
86,1002206
79,1007135
129,1002609
95,1002609
103,1003071
12,1002615
172,1005234
181,1005234
99,1005234
99,1005183
49,1002224
53,1002224
96,1002224
67,1006887
96,1006887
180,1003054
56,1003054
2,1002226
2,1002227
76,1002227
8,1002227
86,1002227
134,1002155
29,1005290
53,1005290
168,1005291
74,1005291
93,1005291
106,1004823
44,1003064
45,1006878
96,1006878
65,1001175
7,1001175
136,1002164
163,1002164
8,1002695
86,1002695
107,1004964
181,1005236
65,1001225
85,1001225
181,1004856
134,1001353
4,1001353
2,1002194
96,1002692
165,1001541
115,1001542
75,1001542
47,1004852
133,1004457
150,1004457
50,1004457
112,1001179
85,1001179
4,1001349
63,1002663
76,1002664
134,1003172
26,1003172
115,1001569
4,1001357
129,1005111
148,1005111
132,1002495
133,1002495
,1006477
134,1003528
4,1003528
7,1003528
49,1006361
5,1006361
32,1004371
64,1005661
36,1005916
86,1005921
88,1006300
118,1004508
95,1004508
17,1005115
101,1004529
4,1003542
7,1003542
134,1003530
7,1003530
88,1006038
132,1002492
133,1002492
134,1002677
85,1006307
36,1006043
134,1001555
10,1005304
22,1005304
65,1001212
85,1001212
6,1004366
106,1006360
34,1006360
24,1005280
39,1005280
115,1001548
75,1001548
113,1006320
182,1006320
63,1006320
65,1004340
115,1001558
128,1001558
165,1001558
23,1001558
25,1004348
65,1004348
91,1004349
37,1004316
101,1004355
134,1004355
42,1003143
1,1006326
113,1006326
2,1006326
50,1004361
1,1006107
2,1006107
96,1006107
132,1004666
133,1004666
182,1006327
50,1004357
28,1004364
32,1004364
6,1004364
126,1005910
180,1005910
55,1006295
88,1006295
188,1005123
134,1005411
100,1006502
79,1006502
95,1006502
118,1005157
180,1006294
4,1006294
115,1005432
165,1005432
8,1006339
86,1006339
88,1006341
25,1001191
50,1001190
20,1005615
33,1005615
53,1005615
64,1005615
114,1006290
46,1006436
47,1006343
1,1005709
135,1003153
25,1003153
6,1005437
9,1005437
29,1005610
33,1005610
64,1005610
133,1005436
98,1006491
25,1006401
28,1005181
32,1005181
10,1005317
74,1005317
33,1005271
39,1005271
114,1006288
132,1002479
118,1005151
150,1005151
4,1003811
97,1003811
132,1002446
112,1005456
15,1005456
85,1005456
26,1003142
91,1005152
141,1002425
28,1005817
32,1005817
133,1005509
26,1005509
101,1004703
133,1004703
114,1006287
4,1006287
86,1006287
185,1006373
26,1004702
113,1005751
20,1005597
10,1005324
20,1005324
74,1005324
114,1006057
7,1006057
185,1006254
8,1006254
20,1005334
24,1005334
33,1005334
70,1005334
76,1004713
76,1004709
76,1004711
76,1004712
45,1006350
133,1005331
22,1005331
6,1005830
75,1005830
141,1006061
97,1006061
113,1006264
113,1006263
4,1006263
150,1005177
180,1006218
193,1006793
70,1005022
46,1006794
2,1006377
8,1006377
46,1006778
70,1006778
150,1005843
70,1005843
180,1006036
63,1006036
46,1007068
45,1004914
113,1006259
150,1005874
42,1005874
6,1005874
46,1005845
141,1006126
6,1006572
46,1006131
50,1006131
188,1005892
9,1005885
113,1006396
165,1005887
113,1006395
101,1006592
7,1006593
7,1006594
49,1006404
103,1005764
97,1005764
117,1005761
55,1006413
76,1006114
92,1006238
76,1006116
141,1006258
97,1006258
92,1006426
,1007098
7,1006725
141,1007325
80,1007325
114,1006726
47,1006726
114,1006717
47,1006717
63,1006447
143,1006710
141,1006740
80,1006740
47,1006857
143,1006691
141,1006826
185,1006826
80,1006826
101,1006860
91,1006860
114,1005973
117,1005973
91,1006859
194,1005725
21,1003202
21,1005898
21,1003200
21,1005899
130,1002342
28,1002342
28,1002345
15,1005902
130,1002346
117,1005901
130,1002341
28,1002341
15,1002340
29,1002340
130,1002348
151,1003354
71,1003354
151,1007287
71,1007287
21,1006659
15,1006658
60,1006658
28,1002339
71,1003355
151,1007286
33,1006972
45,1006972
130,1002350
71,1007306
160,1006971
37,1006971
130,1002349
60,1006656
71,1003356
117,1006655
15,1002336
29,1002336
160,1006986
33,1006986
21,1006654
19,1003352
15,1002338
28,1002338
29,1002338
19,1003351
71,1003357
71,1007305
15,1002337
29,1002337
33,1006970
45,1006970
19,1003350
19,1003362
15,1002112
28,1002112
130,1002113
130,1002111
29,1002111
15,1002110
29,1002110
60,1006650
160,1006969
37,1006969
15,1002109
29,1002109
71,1007289
19,1003349
130,1007283
107,1001751
28,1001751
15,1002108
28,1002108
130,1002107
117,1006663
60,1006663
107,1002308
42,1002308
107,1002313
42,1002313
21,1006664
28,1006664
151,1003361
33,1006987
45,1006987
42,1002314
130,1002104
29,1002104
15,1002105
28,1002105
160,1006988
37,1006988
107,1002712
42,1002712
76,1003388
71,1007290
117,1007265
28,1007265
130,1002334
19,1003363
71,1003410
28,1002311
76,1003387
151,1007285
107,1002320
15,1002103
29,1002103
130,1002335
130,1007284
29,1007284
71,1003409
160,1006990
29,1007292
29,1004196
19,1003365
151,1003441
76,1003386
107,1001752
130,1007300
71,1007291
130,1007301
19,1003348
160,1006992
37,1006992
29,1004195
93,1004195
130,1002102
15,1002102
29,1002102
29,1004197
93,1004197
130,1003389
71,1003389
107,1002101
130,1002101
29,1004191
110,1006621
130,1006621
15,1002100
29,1002100
19,1003366
67,1004206
107,1002091
93,1004194
151,1003244
29,1007294
29,1007298
93,1004198
110,1004193
67,1004193
93,1004193
29,1004200
130,1007297
71,1003408
15,1002098
29,1002098
130,1002099
130,1002097
15,1002332
29,1002332
29,1007295
41,1004203
67,1004203
130,1002079
42,1002079
93,1006648
107,1003094
130,1007296
29,1007296
,1003407
42,1002088
151,1003442
130,1002327
42,1002327
33,1001955
45,1001955
76,1003405
67,1004199
93,1006623
,1003391
160,1001951
37,1001951
130,1002082
42,1002082
107,1002090
160,1001954
37,1001954
151,1003239
76,1003383
130,1003249
29,1003249
160,1001947
37,1001947
160,1001949
37,1001949
,1003404
,1003393
19,1003247
71,1006619
33,1001944
45,1001944
93,1006647
76,1003403
160,1001942
37,1001942
33,1001945
45,1001945
130,1003400
76,1003400
130,1003402
,1003399
110,1003394
67,1003394
110,1006620
,1003398
29,1003397
67,1003397
41,1003395
67,1003395
67,1003396
130,1002094
15,1002095
130,1002087
42,1002087
41,1006625
93,1006625
29,1003341
41,1002629
151,1003443
76,1003401
175,1002628
151,1003236
33,1001941
45,1001941
175,1002621
41,1006646
93,1006646
42,1002086
107,1003097
42,1002084
71,1006618
130,1002092
15,1002092
29,1002092
107,1002884
42,1002884
15,1002883
29,1002883
41,1002627
130,1002085
,1003382
76,1003346
110,1004201
33,1001940
45,1001940
42,1002774
117,1005903
160,1001938
37,1001938
41,1002622
169,1002623
175,1002623
28,1004209
41,1006644
93,1006644
110,1006645
169,1002624
175,1002624
41,1002624
71,1006603
107,1003098
151,1003233
107,1007302
114,1007302
71,1006617
160,1001937
37,1001937
67,1003343
107,1002885
33,1001935
45,1001935
55,1002736
71,1006604
107,1002886
114,1002886
63,1002775
65,1002775
114,1007279
29,1002776
44,1002776
80,1002776
151,1003228
76,1003345
113,1002777
114,1002777
41,1006643
93,1006643
114,1007304
33,1001934
45,1001934
41,1006666
93,1006666
160,1001932
37,1001932
19,1003344
113,1007278
65,1007278
29,1002788
60,1002778
67,1003372
71,1006667
60,1002787
63,1002787
110,1006605
71,1006605
67,1002890
117,1005904
44,1002779
113,1007277
107,1002887
114,1002887
19,1003373
67,1003371
110,1006606
71,1006606
67,1002472
67,1003370
71,1006615
151,1003325
76,1003378
113,1002782
67,1002889
169,1003243
175,1003243
41,1003243
60,1002783
44,1002755
113,1007276
67,1002463
67,1003369
107,1002888
114,1002888
133,1002888
41,1006628
93,1006628
71,1006614
33,1001929
45,1001929
67,1002464
133,1002460
76,1003377
41,1006642
93,1006642
160,1001931
37,1001931
151,1003204
107,1005138
44,1002756
113,1002891
160,1001890
113,1002895
67,1002466
151,1003224
19,1003368
42,1002020
107,1002459
114,1002459
133,1002459
107,1005139
118,1001996
55,1001996
60,1001996
15,1001994
29,1001994
110,1006613
107,1002457
114,1002457
107,1005140
133,1002455
44,1002757
67,1002469
71,1005091
117,1004210
21,1004210
28,1004210
64,1002010
113,1002892
41,1006629
93,1006629
67,1002468
76,1003375
176,1005207
41,1006641
93,1006641
41,1006627
133,1002454
19,1002448
151,1003205
42,1002055
59,1002055
107,1003374
114,1002452
19,1002452
41,1003242
169,1003241
175,1003241
107,1002450
76,1002450
42,1002022
151,1003218
169,1003240
175,1003240
41,1003240
118,1002065
60,1002065
76,1003376
15,1002071
29,1002071
55,1002071
64,1001999
15,1001990
29,1001990
55,1001990
59,1001992
60,1001992
175,1003238
71,1003238
59,1002024
107,1005141
176,1005208
41,1006630
93,1006630
71,1005087
44,1002759
93,1006640
160,1001924
37,1001924
110,1006608
160,1001923
37,1001923
64,1002005
113,1003210
151,1003210
169,1003234
175,1003234
71,1003234
151,1003216
110,1006609
112,1006609
169,1003232
175,1003232
71,1003232
176,1006610
184,1002765
44,1002765
168,1002761
184,1002761
65,1002761
168,1002766
65,1002766
44,1002760
42,1002053
59,1002053
93,1006631
112,1005216
107,1005145
19,1002419
71,1005083
107,1004776
114,1004776
133,1004776
93,1006639
176,1005078
110,1006612
112,1006612
176,1005209
64,1002292
114,1002420
133,1002420
168,1002773
184,1002773
,1001921
33,1001920
45,1001920
,1001919
44,1002772
65,1002772
80,1002772
64,1001784
42,1002038
59,1002038
151,1003213
44,1002767
65,1002767
80,1002767
107,1005205
19,1004774
76,1004774
110,1006611
133,1004777
65,1002771
80,1002771
107,1004778
114,1004778
113,1003211
151,1003211
168,1002769
184,1002769
44,1002769
19,1005137
76,1005137
169,1003231
175,1003231
112,1005215
113,1002422
71,1003230
42,1002045
140,1003229
59,1002043
117,1005907
33,1001914
45,1001914
111,1003201
127,1003201
114,1004773
133,1004773
110,1004611
176,1004611
93,1006632
140,1003226
169,1003226
113,1002423
169,1005073
175,1005073
175,1004612
110,1003203
140,1003203
175,1003203
140,1004613
118,1002290
60,1002290
42,1002357
113,1002438
44,1002438
65,1002438
80,1002438
29,1002289
59,1002289
64,1002289
111,1004614
127,1004614
15,1002077
55,1002077
93,1006638
113,1001785
15,1001980
29,1001980
59,1001980
64,1001980
140,1003223
169,1003225
107,1005210
140,1005210
169,1005210
175,1005210
71,1005210
19,1002445
140,1003221
169,1003221
151,1002440
168,1002440
184,1002440
44,1002440
65,1002440
80,1002440
169,1003222
42,1002358
63,1002358
114,1004772
133,1004772
44,1002434
65,1002434
80,1002434
114,1004781
133,1004781
107,1004783
151,1001759
168,1001759
118,1002295
29,1002295
64,1002295
42,1002356
63,1002356
93,1006633
168,1002387
93,1006637
33,1006895
45,1006895
15,1001971
110,1004615
111,1004615
64,1002300
140,1003219
169,1003219
44,1002433
65,1002433
80,1002433
110,1003209
71,1005211
114,1004771
133,1004771
107,1005212
176,1005212
127,1004220
175,1004220
127,1004219
175,1004219
90,1005133
,1005099
168,1002386
10,1001661
130,1001661
34,1001661
15,1002302
55,1002302
67,1000792
151,1001760
168,1001760
127,1005052
176,1005052
107,1004784
110,1004617
111,1004617
127,1005054
176,1005054
140,1004616
44,1002431
65,1002431
80,1002431
127,1005057
140,1005057
71,1005060
114,1004785
133,1004785
127,1005102
19,1002426
140,1005064
44,1002124
65,1002124
151,1001770
184,1001770
176,1004786
117,1005908
60,1001967
127,1004787
71,1004787
114,1004770
140,1004770
15,1001965
29,1001965
59,1001965
140,1006636
93,1006636
175,1005098
34,1001325
29,1002301
64,1002301
118,1002304
59,1002304
60,1002304
113,1004643
151,1001769
184,1001769
168,1001757
113,1004640
68,1001956
175,1004218
140,1005135
176,1005135
90,1005135
112,1005029
41,1001963
68,1001963
127,1004217
175,1004217
93,1006634
68,1001961
112,1005051
140,1005051
127,1005050
71,1005050
130,1001908
67,1001908
107,1004789
133,1005048
176,1005048
151,1001768
184,1001768
114,1005047
140,1003217
169,1003217
19,1002415
76,1002415
160,1001659
110,1004730
175,1004730
127,1004731
113,1004644
175,1005093
113,1004638
111,1004618
114,1004769
80,1003445
140,1004768
111,1005027
71,1005046
112,1005030
140,1006635
93,1006635
168,1002371
34,1001149
133,1005045
127,1005044
71,1005044
39,1001746
107,1005031
44,1002427
65,1002427
140,1005136
90,1005136
168,1001756
76,1003501
,1001338
107,1004791
169,1003212
151,1001767
184,1001767
112,1004646
93,1003510
113,1004635
93,1004635
127,1004729
175,1004729
118,1002307
41,1002307
59,1002307
42,1002355
63,1002355
113,1004645
112,1003497
33,1006896
176,1004647
140,1003498
127,1004728
90,1003499
93,1003499
161,1000795
67,1000795
68,1000795
39,1002370
39,1000723
168,1001762
184,1001762
,1004132
80,1003446
114,1004766
90,1004766
130,1001911
68,1000719
33,1006897
45,1006897
112,1005043
90,1005043
67,1000717
111,1005028
28,1004216
151,1001766
184,1001766
57,1000798
112,1004634
90,1004634
151,1001763
39,1000801
93,1000801
95,1000801
39,1000879
111,1000893
93,1000893
67,1001912
39,1002373
133,1005040
127,1005039
71,1005039
55,1000803
59,1000803
118,1000804
93,1000715
95,1000715
113,1004632
168,1002361
63,1002361
93,1000880
95,1000880
140,1003496
176,1003496
42,1002362
76,1002413
39,1000158
127,1004724
151,1001765
184,1001765
44,1002410
65,1002410
107,1004765
114,1004765
90,1004765
127,1004726
29,1000709
80,1003447
107,1004793
90,1004793
112,1004649
112,1005116
12,1000706
152,1000707
39,1000707
176,1004650
108,1000894
111,1000894
168,1002354
184,1002354
44,1001771
65,1001771
33,1006898
45,1006898
176,1001772
90,1001772
112,1003506
176,1003506
90,1003506
42,1002353
63,1002353
130,1001913
67,1001913
140,1003505
93,1003505
108,1000902
,1000806
60,1000705
160,1001141
19,1001773
44,1001773
65,1001773
194,1000704
57,1000704
108,1004651
140,1003630
140,1002393
90,1002393
112,1001775
176,1001775
90,1001775
93,1001775
130,1001332
151,1001764
39,1000156
93,1000810
111,1000892
93,1000892
112,1004631
90,1004631
176,1003615
34,1001131
112,1003569
90,1003569
34,1000308
34,1000703
80,1003448
39,1000882
57,1000882
93,1000882
41,1000699
127,1003492
71,1003492
127,1004733
175,1004733
108,1003493
133,1003493
65,1001777
90,1001777
39,1000154
44,1001778
108,1000895
111,1000895
102,1001668
67,1001668
140,1002392
90,1002392
127,1004734
160,1000815
107,1004764
114,1004764
90,1004764
19,1001779
65,1001779
108,1004630
176,1004630
184,1002364
113,1003494
112,1001780
176,1001780
128,1000913
188,1000913
112,1005033
64,1000686
68,1000686
176,1003491
108,1003490
127,1003489
71,1003489
93,1000883
133,1003488
143,1006891
39,1000878
111,1000302
111,1000690
111,1000692
33,1006900
45,1006900
160,1000680
10,1000819
60,1000819
80,1003495
87,1003495
176,1005036
80,1003449
108,1000901
42,1002365
63,1002365
169,1007257
108,1004654
108,1005035
151,1002368
39,1002368
19,1003631
76,1003631
168,1002389
112,1003620
90,1003620
176,1003619
93,1003619
108,1004628
176,1004628
44,1003632
65,1003632
143,1006902
176,1004131
140,1003622
90,1003622
113,1003502
133,1003502
112,1003623
140,1003623
90,1003623
108,1003507
133,1003507
176,1003625
93,1003625
128,1000912
188,1000912
110,1005026
112,1003634
93,1003634
42,1003758
63,1003758
39,1000884
93,1000884
127,1003503
71,1003503
110,1000908
128,1000908
55,1000333
168,1003759
184,1003759
111,1004763
90,1004749
107,1004688
114,1004688
57,1000671
80,1003508
87,1003508
114,1004690
90,1004690
15,1000670
55,1000670
111,1000300
128,1000911
108,1004656
128,1000914
37,1000943
41,1000943
118,1000939
60,1000939
80,1003451
87,1003451
108,1000941
59,1000941
93,1000941
128,1000909
92,1000909
10,1000938
160,1000938
95,1000938
110,1000906
108,1004626
176,1004130
93,1000942
95,1000942
118,1000944
41,1000944
108,1000945
37,1000945
60,1000946
59,1000936
107,1004692
114,1004692
10,1000937
160,1000937
12,1000647
152,1000647
39,1000647
64,1000648
68,1000648
76,1003741
10,1000931
160,1000931
37,1000931
118,1000935
41,1000935
59,1000935
108,1004129
110,1004736
127,1004128
71,1004128
39,1000877
128,1000910
184,1003757
34,1000305
59,1000934
93,1000934
36,1000652
55,1000652
10,1000933
160,1000933
37,1000933
108,1000932
118,1000932
111,1000891
93,1000891
60,1000929
95,1000929
168,1003874
39,1003874
152,1000721
60,1000721
111,1004620
39,1003756
19,1003766
65,1003766
108,1004127
87,1004127
102,1001335
127,1004126
71,1004126
108,1003752
87,1003752
42,1003755
63,1003755
152,1000823
194,1000823
68,1000823
71,1003754
76,1003754
87,1004125
39,1000885
93,1000885
112,1003768
90,1003768
44,1003770
93,1003770
114,1004742
29,1000824
64,1000824
110,1000927
108,1000928
93,1000928
108,1005105
176,1003572
39,1000152
19,1003760
39,1003760
39,1000876
37,1000926
93,1000926
184,1003761
44,1003761
111,1000825
39,1000825
80,1003484
87,1003484
108,1000918
93,1000918
64,1000646
68,1000646
108,1000099
41,1000917
59,1000917
102,1001336
42,1003762
63,1003762
34,1001747
57,1001747
111,1000299
118,1000919
60,1000919
60,1000925
95,1000925
108,1004124
87,1004124
10,1000924
59,1000924
108,1000923
41,1000923
107,1004748
110,1004753
127,1004123
71,1004123
118,1000921
127,1004122
71,1004122
71,1003744
110,1004754
111,1000645
29,1000645
10,1000920
110,1000920
110,1004735
90,1004735
108,1004121
87,1004121
12,1000639
39,1000639
128,1001333
92,1001333
110,1004752
80,1003452
87,1003452
108,1000449
93,1000449
118,1000451
60,1000451
41,1000452
59,1000452
37,1000453
95,1000453
10,1000455
102,1000455
110,1000455
128,1000456
92,1000456
108,1003745
71,1003745
87,1003745
152,1000630
140,1003873
168,1003873
39,1003873
111,1004621
108,1003763
76,1003763
111,1004762
87,1003765
141,1000827
10,1000448
102,1000448
34,1000307
118,1000507
41,1000507
10,1000504
59,1000504
37,1000501
93,1000501
108,1000499
110,1000499
44,1003751
65,1003751
111,1000889
93,1000889
107,1004716
114,1004716
87,1004716
141,1000828
57,1000828
151,1000101
168,1000101
39,1000875
108,1004660
39,1003875
71,1003742
36,1000653
55,1000653
188,1000860
114,1004721
93,1003570
112,1003748
93,1003748
19,1003750
76,1003750
141,1000626
15,1000626
12,1000829
90,1004751
108,1004624
110,1000446
92,1000446
68,1000830
111,1004133
188,1000854
39,1000886
93,1000886
113,1004146
133,1004146
10,1000509
59,1000509
34,1000329
108,1000510
110,1000510
127,1004119
71,1004119
39,1000160
111,1000831
39,1000831
37,1000445
95,1000445
110,1004686
127,1004118
71,1004118
108,1004117
87,1004117
102,1000511
37,1000511
110,1000861
160,1000861
194,1000617
57,1000617
110,1000853
113,1004144
133,1004144
160,1000852
108,1000102
107,1004747
108,1000900
111,1004143
123,1004143
110,1004755
111,1004147
63,1003794
71,1003794
102,1000443
41,1000443
59,1000443
92,1000513
93,1000513
64,1000614
68,1000614
80,1003482
87,1003482
111,1000296
36,1000296
111,1004622
10,1000441
108,1000441
93,1000441
184,1003795
42,1003795
44,1003795
65,1003795
110,1004756
15,1000832
29,1000832
19,1003796
39,1003796
118,1000514
41,1000514
64,1000833
39,1003876
71,1005067
118,1000439
60,1000439
93,1000981
92,1000984
62,1000992
55,1000669
127,1004114
71,1004114
140,1000096
80,1003454
87,1003454
90,1003797
128,1000458
92,1000458
108,1003772
87,1003772
93,1003772
127,1004115
71,1004115
108,1004661
71,1004113
107,1004717
114,1004717
87,1004717
93,1000888
188,1000859
141,1000608
194,1000834
36,1000834
39,1000151
108,1000898
39,1000161
39,1003877
34,1000310
39,1000310
15,1000604
128,1000498
92,1000498
12,1000851
39,1000851
113,1004148
133,1004148
152,1000849
111,1000850
29,1000850
110,1000602
128,1000462
92,1000462
111,1000295
36,1000295
151,1000105
168,1000105
6,1002873
7,1002873
92,1002873
110,1004740
87,1004740
93,1000887
110,1004757
80,1003332
87,1003332
34,1000327
111,1004150
113,1004150
133,1004150
62,1001003
92,1001003
93,1001003
29,1000836
64,1000836
160,1000270
107,1004746
111,1004149
123,1004149
93,1001007
80,1003455
87,1003455
111,1006995
44,1003793
65,1003793
188,1000855
10,1000435
110,1000435
108,1000515
110,1000515
37,1000516
95,1000516
110,1004738
87,1004738
108,1004662
123,1004662
123,1004151
39,1000162
110,1004758
111,1000837
39,1000837
10,1000540
59,1000540
63,1003792
39,1003790
55,1000658
112,1003798
176,1003798
184,1003798
108,1004663
123,1004663
140,1000093
168,1000093
44,1004188
63,1004188
92,1000431
93,1000431
152,1000838
68,1000838
111,1003477
123,1003477
62,1000999
111,1004142
123,1004142
47,1004187
78,1004187
114,1004744
102,1000541
60,1000541
64,1000848
68,1000848
55,1000668
114,1004720
36,1000272
39,1000150
130,1000685
93,1000685
111,1003478
123,1003478
19,1003826
90,1003826
111,1003784
93,1003784
87,1004684
92,1000688
42,1003777
90,1005525
23,1007014
5,1007014
128,1000466
92,1000466
108,1000899
17,1000663
110,1000666
47,1003801
111,1004184
123,1004184
78,1004184
44,1004185
47,1004185
63,1004185
112,1003773
151,1000107
168,1000107
118,1000517
41,1000517
61,1000979
92,1000979
93,1000979
184,1003779
71,1003803
188,1000252
152,1000847
39,1000164
12,1000846
39,1000846
111,1003879
93,1003879
127,1003822
34,1000325
110,1003471
87,1003471
111,1004158
141,1000785
15,1000785
111,1000845
29,1000845
76,1003808
102,1000428
108,1000428
19,1003810
127,1003812
65,1003812
108,1000518
110,1000542
176,1004664
80,1003457
87,1003457
110,1004759
111,1000293
160,1000293
36,1000293
39,1003818
37,1000519
112,1003813
108,1004665
123,1004665
123,1003458
80,1003458
87,1003458
102,1000520
176,1003815
151,1000092
168,1000092
10,1000425
59,1000425
19,1003832
90,1003832
118,1000973
41,1000973
47,1003816
61,1000977
140,1000091
133,1004152
188,1000268
55,1000660
141,1000291
15,1000291
108,1004667
123,1004667
176,1004669
107,1004719
114,1004719
87,1004719
60,1000424
95,1000424
39,1000148
59,1000521
29,1000839
64,1000839
111,1004141
34,1000320
111,1006994
110,1000421
37,1000421
10,1000522
124,1000637
128,1000495
92,1000495
39,1000251
60,1000523
111,1003880
93,1003880
160,1000273
36,1000273
123,1003476
111,1004159
123,1004159
41,1001013
95,1001013
41,1001015
114,1004745
64,1000844
68,1000844
34,1000323
39,1000165
118,1001017
62,1001017
110,1004760
133,1004157
12,1000840
39,1000840
111,1000841
39,1000471
152,1000843
39,1000843
140,1000111
128,1000472
92,1000472
90,1005522
151,1000109
168,1000109
111,1004160
123,1004160
113,1004154
133,1004154
127,1003881
19,1003881
90,1003881
110,1000771
17,1000771
123,1003479
87,1003479
12,1000842
80,1003329
36,1000243
152,1000149
68,1000149
111,1004138
55,1000662
108,1000524
37,1000524
111,1004137
107,1005532
140,1000090
151,1000090
168,1000090
102,1000418
108,1000418
194,1000147
111,1000244
160,1000244
188,1000244
39,1000146
111,1004140
108,1004672
123,1004672
55,1000667
101,1000775
10,1000525
59,1000525
110,1000288
141,1000288
15,1000288
61,1000970
110,1000635
95,1001043
93,1001045
107,1005542
114,1005542
87,1005542
92,1001729
93,1001729
111,1003869
93,1003869
44,1004183
60,1000414
10,1000416
59,1000416
17,1004570
118,1000968
41,1000968
128,1000491
92,1000491
124,1000529
110,1003470
87,1003470
34,1003906
188,1000250
36,1000266
101,1000543
60,1000543
47,1004178
123,1003475
44,1004180
47,1004182
63,1004182
34,1000321
29,1000223
64,1000223
133,1004156
39,1000167
39,1000144
111,1004174
123,1004174
78,1004174
123,1004179
78,1004179
44,1004175
63,1004176
110,1000412
60,1000634
111,1004134
113,1004155
133,1004155
44,1004177
63,1004177
87,1004682
111,1004161
123,1004161
111,1004136
80,1003459
87,1003459
60,1000659
160,1000275
36,1000275
140,1000088
151,1000089
168,1000089
111,1004139
64,1000153
68,1000153
39,1000253
108,1004674
110,1004761
111,1000142
39,1000142
141,1000599
15,1000599
160,1000254
102,1000526
110,1000526
80,1003474
107,1005530
55,1000664
12,1000157
39,1000157
101,1000774
110,1000598
57,1000598
140,1000112
110,1003473
87,1003473
151,1000113
168,1000113
176,1004676
110,1003465
114,1005535
111,1000245
188,1000245
152,1000159
118,1001018
41,1001018
62,1001018
39,1000168
188,1000248
12,1000139
152,1000139
68,1000139
101,1000544
108,1000544
110,1000285
141,1000285
112,1003859
47,1003859
111,1000480
29,1000480
60,1001047
111,1003867
87,1005540
128,1000483
39,1000483
92,1000483
110,1003468
87,1003468
60,1000633
78,1004162
102,1000632
110,1000632
101,1004569
95,1004569
108,1003866
93,1003866
102,1000777
17,1000777
60,1000777
140,1000087
151,1000087
168,1000087
37,1000528
39,1000255
101,1000654
60,1000654
39,1000143
55,1003902
45,1007009
7,1007009
28,1007008
6,1007008
50,1007010
56,1007010
101,1000661
33,1007007
9,1007007
115,1007011
132,1007011
26,1007011
100,1007001
70,1007002
62,1001022
106,1007006
150,1007006
5,1007012
91,1007012
75,1007003
101,1007004
101,1007005
108,1007005
152,1007005
143,1007013
22,1007013
118,1001159
61,1001159
44,1004164
47,1004164
63,1004164
95,1001037
124,1000631
17,1000631
151,1000115
168,1000115
140,1000117
64,1000136
80,1003467
107,1005510
114,1005510
108,1004678
110,1003460
80,1003460
19,1003644
128,1000488
92,1000488
110,1003466
95,1001038
108,1004679
160,1000256
110,1003464
60,1000395
112,1003858
47,1003858
101,1001725
70,1002050
101,1000649
60,1000649
128,1000486
39,1000486
92,1000486
101,1000405
29,1000731
111,1000247
188,1000247
39,1001745
101,1001049
95,1001049
37,1000629
59,1000629
64,1000163
68,1000163
36,1000277
19,1003883
90,1003883
65,1003884
152,1001732
152,1000166
194,1000166
110,1000596
102,1000180
106,1000283
141,1000283
15,1000283
110,1000281
57,1000281
152,1000128
68,1000128
151,1000119
168,1000119
60,1000956
10,1000628
108,1000628
110,1003461
80,1003461
55,1003900
124,1000530
37,1000530
140,1000122
47,1003857
151,1000124
168,1000124
41,1001024
108,1004681
123,1004681
109,1000737
128,1000489
92,1000489
41,1001025
188,1000204
29,1000204
76,1003885
109,1000203
124,1000627
17,1000627
118,1001026
39,1000138
111,1000206
39,1000140
108,1005547
10,1000402
59,1000402
39,1000141
106,1000126
140,1000126
101,1002856
150,1002856
23,1002856
45,1002856
75,1002856
9,1002856
111,1000123
39,1000123
78,1004163
114,1005557
62,1001027
127,1003886
65,1003886
110,1003943
64,1000170
68,1000170
106,1003944
141,1003944
15,1003944
151,1000084
168,1000084
109,1000207
12,1000125
47,1004165
63,1004165
152,1000116
68,1000116
113,1004292
133,1004292
140,1000082
44,1004166
19,1003888
71,1003888
90,1003888
12,1000224
39,1000224
47,1003856
188,1000733
152,1000225
47,1004168
63,1004168
141,1004020
15,1004020
29,1000783
95,1001039
19,1003645
111,1000118
39,1000118
152,1001741
12,1000120
108,1001742
150,1001742
110,1004264
152,1000121
60,1001716
75,1001716
109,1000734
45,1001736
9,1001736
113,1004291
133,1004291
106,1002070
36,1000263
5,1002851
75,1002851
76,1003890
26,1002859
50,1002859
56,1002859
160,1000257
111,1000200
10,1001046
108,1001046
59,1001046
110,1004263
101,1001740
75,1001740
101,1000644
60,1000644
5,1001737
106,1001739
108,1001739
150,1001738
152,1001738
118,1000963
194,1000208
64,1000208
102,1000181
160,1000279
36,1000279
10,1001701
59,1001701
39,1000114
194,1001028
124,1000532
37,1000532
152,1000171
130,1002860
132,1002860
115,1002861
45,1002861
7,1002861
12,1000172
111,1000222
101,1002852
108,1002852
75,1002852
150,1001696
12,1000110
39,1000173
152,1001697
111,1001698
39,1001698
152,1000108
42,1003979
65,1003979
76,1003979
188,1000201
108,1000212
17,1000212
10,1000213
59,1000213
105,1005431
106,1000215
150,1000215
152,1000217
39,1000219
101,1001699
108,1001699
152,1001699
10,1001700
17,1001700
59,1001700
108,1005438
108,1000220
17,1000220
10,1000100
59,1000100
12,1000106
152,1000221
111,1000103
39,1000176
39,1000104
60,1001702
101,1001044
95,1001044
78,1004170
108,1000179
152,1000179
39,1000179
106,1000178
150,1000178
59,1000178
152,1000174
39,1000174
12,1000175
65,1003962
76,1003962
106,1000177
152,1000177
5,1001703
109,1000209
19,1003646
106,1004018
141,1004018
15,1004018
60,1000641
108,1002854
9,1002854
44,1004169
47,1004169
63,1004169
64,1001029
151,1000081
168,1000081
133,1004290
47,1004301
78,1004301
42,1003960
102,1000390
106,1000079
140,1000079
68,1001030
140,1000129
106,1000131
151,1000131
78,1004300
109,1001744
109,1000735
188,1000735
29,1000735
80,1003463
140,1000133
107,1005507
114,1005507
95,1001040
109,1000202
111,1000202
55,1003966
110,1004262
106,1004016
57,1004016
106,1000135
109,1000135
140,1000137
42,1003978
65,1003978
71,1003978
76,1003978
108,1005435
108,1005443
118,1001031
105,1005440
112,1007311
113,1004289
133,1004289
110,1004014
141,1004014
15,1004014
62,1001032
80,1005414
19,1003647
47,1004298
19,1003891
71,1003891
90,1003891
78,1004297
112,1007310
151,1000078
168,1000078
47,1004296
78,1004296
47,1004294
78,1004294
105,1005430
151,1000259
160,1000259
109,1001036
65,1003973
71,1003973
76,1003973
106,1004015
141,1004015
15,1004015
106,1000077
140,1000077
36,1000261
106,1000195
109,1000195
124,1000573
111,1000194
140,1000194
12,1000572
37,1000572
110,1004587
132,1002848
110,1004013
57,1004013
150,1000571
106,1000074
151,1000074
99,1000074
109,1001915
109,1000073
109,1000072
109,1001926
99,1001926
99,1000071
99,1001928
106,1000070
106,1002510
41,1001033
140,1001907
160,1002134
188,1000740
29,1000738
132,1002847
47,1004010
22,1001459
26,1001463
6,1001463
109,1001904
99,1001900
68,1001034
109,1003648
109,1000191
111,1000191
140,1000191
188,1000457
29,1000457
106,1000475
99,1000475
140,1000470
106,1000467
29,1000464
188,1000463
99,1000463
106,1000190
132,1000190
102,1000182
194,1000960
68,1000960
112,1003977
42,1003977
101,1000643
128,1002171
92,1002171
64,1000958
146,1005415
80,1005415
132,1001493
5,1001575
26,1001577
168,1002135
64,1001035
132,1001705
141,1004012
109,1003971
63,1004003
60,1000642
44,1004002
63,1004002
110,1004011
111,1000068
107,1005483
114,1005483
132,1000069
44,1004004
107,1005477
114,1005477
111,1000189
132,1000188
102,1000388
106,1000187
132,1000226
105,1005449
108,1005449
111,1000183
109,1000185
140,1000185
47,1003983
112,1007309
55,1003964
132,1001585
115,1001601
111,1000184
132,1000184
106,1003945
110,1003946
109,1001930
99,1001930
151,1002564
111,1001694
39,1001694
26,1001507
47,1005120
5,1001511
109,1001534
115,1001539
140,1001543
110,1004588
60,1001715
75,1001715
26,1002058
115,1001743
109,1002477
65,1003972
71,1003972
76,1003972
26,1001717
5,1001717
132,1001707
109,1003947
140,1001706
112,1007308
42,1007308
95,1001041
130,1001438
28,1001438
7,1001438
152,1001440
109,1001693
124,1000536
37,1000536
109,1003638
76,1003638
132,1001714
110,1004586
99,1000479
47,1004581
29,1002031
99,1002031
140,1002048
29,1002048
106,1000537
150,1000537
12,1000538
101,1000482
29,1000485
140,1000487
19,1003639
71,1003639
90,1003639
109,1000490
132,1000492
109,1003649
127,1003649
19,1003649
,1001163
57,1003942
140,1002363
132,1002366
29,1002360
188,1000417
29,1000417
99,1000417
109,1000508
127,1003641
141,1003641
65,1003642
106,1000506
132,1000503
140,1000502
29,1000502
15,1003941
24,1003941
106,1000497
99,1000497
109,1000496
101,1000494
188,1000419
106,1000493
44,1004001
63,1004001
99,1001167
112,1003976
112,1003981
42,1003981
92,1002047
115,1001171
99,1001173
105,1005502
105,1005501
99,1002035
26,1002057
168,1002591
109,1003970
41,1002894
90,1002049
92,1002049
106,1003940
24,1003940
114,1005427
23,1001176
60,1001268
115,1001178
99,1001182
111,1001683
39,1001683
60,1001710
141,1003939
15,1003939
130,1001437
93,1001437
47,1004860
132,1002896
109,1003650
127,1003650
90,1003650
110,1003938
57,1003938
44,1004005
63,1004005
118,1002945
64,1002945
127,1002051
19,1002051
90,1002051
92,1002051
112,1003968
107,1005475
150,1002333
47,1004580
37,1002331
106,1003948
109,1003948
110,1003948
180,1001223
168,1002585
160,1002586
151,1002565
160,1002565
26,1002565
36,1002565
132,1001086
61,1001086
23,1001711
99,1001711
29,1001712
75,1001712
115,1001689
127,1003894
19,1003894
71,1003894
92,1002549
42,1003975
90,1002052
92,1002052
140,1001690
141,1003893
90,1003893
109,1001691
99,1001691
127,1002054
19,1002054
29,1001692
75,1001692
29,1000420
101,1002946
68,1002946
26,1002056
109,1003980
112,1003980
55,1003980
128,1002550
92,1002550
29,1002372
115,1002385
23,1002385
24,1004286
29,1000422
99,1000422
24,1004276
109,1000440
140,1000440
101,1001087
75,1001087
107,1005470
108,1005470
6,1001219
29,1000423
99,1000423
29,1000430
99,1000430
180,1001218
23,1001218
109,1002121
99,1002121
151,1002563
22,1001158
28,1001158
50,1001158
56,1001158
91,1001158
188,1002947
29,1002383
29,1000427
99,1000427
29,1002376
5,1002376
60,1002376
101,1000426
75,1000426
194,1001124
68,1001124
111,1002379
115,1002379
39,1002379
109,1003969
95,1001284
65,1003897
113,1004278
133,1004278
24,1004241
106,1003949
109,1003949
105,1005503
127,1001933
92,1001933
114,1005488
19,1002122
90,1002122
29,1002380
75,1002380
150,1001877
132,1002948
42,1003959
141,1003656
114,1005426
108,1005457
105,1005463
62,1002949
134,1005374
63,1004000
84,1005274
19,1003655
90,1003655
75,1002391
24,1003899
36,1003899
84,1004584
105,1005500
124,1003653
24,1003653
168,1002136
47,1004585
75,1001876
75,1000442
99,1002040
95,1001085
127,1003652
36,1003652
44,1003997
109,1003651
99,1003651
110,1004060
107,1005468
60,1000444
118,1002950
75,1000447
26,1001424
24,1004591
36,1002566
75,1000450
102,1002384
75,1000454
134,1005360
84,1005360
7,1001432
109,1004282
135,1004282
101,1002897
95,1001283
110,1003937
24,1003937
57,1003937
118,1001088
41,1001088
19,1002166
71,1002166
90,1002166
124,1001939
24,1001939
92,1001939
60,1001270
36,1001943
109,1001948
127,1001948
99,1001948
109,1002517
99,1002517
106,1003936
141,1003936
76,1003936
109,1002584
36,1002584
26,1000415
130,1001429
33,1001429
93,1001429
195,1001431
24,1004242
143,1001428
152,1001428
61,1001428
76,1003951
151,1002567
26,1002567
26,1001883
6,1001889
180,1001882
24,1001882
115,1001881
41,1002898
68,1002899
75,1002899
143,1001426
152,1001426
61,1001426
19,1001959
64,1002900
47,1004589
84,1004589
168,1001962
90,1001962
71,1003898
124,1001969
24,1001969
99,1001969
113,1004243
26,1000413
128,1002569
160,1002569
20,1000996
124,1000411
24,1000411
126,1000991
180,1000991
146,1000993
26,1002519
115,1001880
24,1001878
26,1001878
24,1003782
84,1005330
160,1002583
168,1002583
24,1003419
71,1003419
24,1004861
124,1000410
24,1000410
99,1001968
47,1004009
128,1002548
92,1002548
24,1003952
57,1003952
180,1000408
26,1000408
127,1001977
19,1001977
90,1001977
124,1000396
115,1000398
180,1000398
107,1005129
26,1000985
50,1000985
6,1000985
140,1000987
146,1000987
180,1000987
24,1000399
26,1000399
24,1000400
26,1000400
115,1000401
180,1000401
124,1000403
106,1003953
110,1003953
84,1005375
5,1001895
124,1001998
168,1001998
71,1001998
92,1001998
124,1003420
141,1003420
114,1005013
39,1001899
29,1001893
115,1000407
92,1003421
99,1003421
146,1000976
50,1000976
50,1000983
6,1000983
113,1004245
42,1003958
110,1004062
134,1004062
134,1004597
140,1000982
26,1000982
146,1000980
180,1000980
126,1001418
22,1001418
50,1001418
91,1001418
134,1004862
84,1004862
99,1002001
24,1003991
57,1003991
107,1005007
124,1004251
109,1003984
135,1003984
133,1004283
180,1000975
6,1000975
140,1000974
26,1000974
135,1003990
24,1003985
124,1004578
134,1004578
84,1004578
168,1002004
71,1002004
115,1002316
105,1003986
146,1003986
57,1003986
24,1002006
84,1004598
124,1002009
26,1002009
124,1002012
26,1002012
146,1001867
180,1001867
134,1005311
159,1001416
50,1001868
6,1001868
111,1001869
29,1001869
84,1004595
24,1003781
124,1002531
24,1002531
47,1004596
146,1005014
80,1005014
24,1004577
36,1003416
71,1003416
146,1002131
180,1002131
168,1000353
71,1000353
24,1002130
26,1002130
101,1001129
75,1001129
124,1000355
146,1000355
24,1000355
26,1000355
168,1002529
71,1002529
24,1004246
124,1003417
24,1003417
124,1002061
24,1002061
180,1002023
24,1002023
26,1002032
50,1002287
6,1002287
36,1002532
71,1002532
115,1002901
132,1002902
124,1002530
12,1001260
24,1003954
57,1003954
39,1001871
102,1002132
23,1002132
95,1001084
134,1004602
134,1005016
85,1005017
168,1002062
108,1005009
110,1003956
124,1002063
24,1002063
111,1001865
24,1001865
115,1000368
60,1000368
36,1002064
71,1002064
24,1000367
26,1000367
146,1000366
180,1000366
24,1003919
36,1003418
124,1000357
146,1000358
24,1000359
26,1000359
107,1005006
25,1005006
168,1000360
71,1000360
146,1000365
24,1000365
26,1000365
6,1001806
,1003669
36,1002570
102,1002126
23,1002126
115,1000364
124,1000364
180,1000364
109,1004230
135,1004230
63,1004230
115,1000362
180,1000362
95,1001281
124,1000361
134,1005132
143,1001413
152,1001413
33,1001413
7,1001413
124,1002067
24,1002067
75,1002903
146,1001864
194,1001089
68,1001089
29,1001863
50,1001863
146,1000971
33,1001412
61,1001412
93,1001412
92,1003426
99,1003426
150,1001866
24,1004575
47,1004573
50,1000966
188,1001090
64,1001090
47,1004593
124,1002068
24,1002068
39,1001862
5,1001862
109,1003783
63,1003783
113,1004089
168,1002072
71,1002072
146,1002133
50,1002262
114,1004610
85,1004610
124,1004859
124,1003425
60,1001804
110,1003923
57,1003923
29,1000965
47,1004234
105,1003424
146,1003424
180,1002551
39,1001860
105,1003927
135,1003924
57,1003928
118,1002905
62,1002905
109,1004229
135,1004229
63,1004229
24,1004247
135,1003929
24,1003929
24,1003925
105,1003926
146,1003926
110,1004066
134,1004066
114,1005018
85,1005018
80,1004606
168,1002075
71,1002075
111,1000964
127,1002573
26,1002573
113,1004224
41,1001091
74,1001405
134,1005377
109,1004285
63,1004285
44,1004233
146,1004605
20,1000053
128,1002172
160,1002172
102,1002265
23,1002265
146,1000369
160,1002534
105,1001404
146,1001404
92,1003582
160,1002533
118,1001092
61,1001093
194,1002906
39,1001872
107,1005004
146,1000370
105,1003583
146,1003583
102,1002123
23,1002123
92,1003571
99,1003571
124,1003580
42,1003580
108,1005008
85,1005008
168,1002066
71,1002066
64,1002907
124,1000373
168,1000373
180,1000373
24,1000373
141,1003581
141,1003427
50,1001807
24,1004250
28,1001452
107,1005003
19,1002556
90,1002556
151,1002559
24,1000962
29,1000962
24,1003727
57,1003727
37,1001808
60,1001808
150,1001809
6,1001809
110,1003725
135,1003725
127,1002555
105,1003726
146,1003726
26,1002582
105,1003591
146,1003591
135,1003592
109,1004033
63,1004033
71,1000371
25,1005001
124,1003586
92,1003586
134,1005376
12,1001255
76,1003587
99,1003587
105,1003588
146,1003588
109,1004397
5,1001858
115,1002908
135,1003589
146,1002168
110,1003787
124,1003787
24,1004248
105,1002535
24,1003778
146,1004607
80,1004607
85,1004607
134,1003786
84,1003786
109,1004091
135,1004091
133,1004090
63,1004090
132,1002909
134,1004058
84,1004058
135,1003594
15,1003392
65,1003392
95,1001083
105,1007307
105,1002169
146,1002169
25,1005000
114,1004991
85,1004991
37,1001803
63,1004034
114,1005019
85,1005019
134,1004599
113,1004088
113,1004226
25,1004999
146,1001891
47,1004228
105,1000954
111,1000954
91,1000954
113,1004244
108,1004603
146,1004603
80,1004603
150,1001801
12,1001802
44,1004022
134,1005294
105,1001875
98,1001875
5,1002115
7,1002115
24,1004249
146,1000379
109,1004398
47,1004398
168,1000378
113,1004101
133,1004093
135,1004093
146,1000376
168,1000376
109,1003788
109,1004087
135,1004087
105,1001810
98,1001810
39,1001857
92,1003579
99,1003579
15,1003429
44,1004236
105,1003380
146,1003380
133,1004086
63,1004086
105,1000380
98,1000380
124,1003682
76,1003682
5,1000381
7,1000381
151,1000382
90,1000382
106,1003694
99,1003694
107,1005266
127,1002575
128,1002575
160,1002575
135,1003595
92,1003595
105,1003596
146,1003596
92,1003599
151,1000385
5,1000385
90,1000385
105,1000384
7,1000384
98,1000384
64,1002910
23,1001812
24,1003774
60,1001800
134,1004600
124,1004057
84,1004057
105,1000238
91,1000238
109,1004395
56,1000236
64,1000236
39,1001873
7,1001873
5,1001874
7,1001874
98,1001874
151,1000387
90,1000387
146,1002538
141,1003575
36,1003575
55,1003575
105,1000389
98,1000389
150,1001799
50,1001799
102,1002116
86,1000235
105,1002540
146,1002542
25,1004998
86,1000233
24,1000229
7,1000229
8,1000232
8,1000231
110,1004055
134,1004055
105,1002543
146,1002543
5,1000391
7,1000391
90,1000392
98,1000392
110,1004227
109,1004085
135,1004085
105,1000394
151,1000394
105,1003434
112,1003434
146,1003434
15,1003434
105,1002546
146,1002546
64,1000228
127,1002554
19,1002554
90,1002554
24,1000433
7,1000433
8,1000227
86,1000227
56,1000429
105,1003600
146,1003600
135,1003601
105,1000434
37,1001798
6,1001798
105,1002581
168,1001080
76,1003724
107,1004996
128,1002553
151,1002553
160,1002553
26,1002580
28,1000047
91,1000047
7,1000048
8,1000048
105,1000210
126,1000210
56,1000210
111,1000211
64,1000211
86,1000211
63,1004053
90,1001814
151,1001813
36,1003316
55,1003316
105,1001815
56,1001816
105,1000864
8,1000865
64,1000866
7,1000866
24,1000867
86,1000867
12,1001250
151,1001250
90,1001250
124,1003683
99,1003683
124,1004054
84,1004054
64,1001795
8,1001796
86,1001796
109,1004400
47,1004400
47,1004447
114,1005020
7,1001793
5,1001794
110,1004056
124,1004056
112,1003364
15,1003364
133,1004080
135,1004080
99,1003718
85,1005021
56,1000046
64,1000046
7,1000046
15,1003437
65,1003437
135,1003315
141,1003315
105,1000286
64,1000286
7,1000289
15,1003347
105,1000872
5,1000874
7,1000874
8,1000863
86,1000863
64,1000862
5,1000292
8,1000292
86,1000292
56,1000873
98,1000873
146,1005124
80,1005124
126,1000545
95,1001082
8,1000044
86,1000044
56,1000045
64,1000045
7,1000045
42,1003314
151,1002146
90,1002146
104,1002174
105,1002174
124,1003719
76,1003719
126,1000548
28,1000548
19,1002911
108,1004993
146,1004993
80,1004993
22,1000546
28,1000546
108,1004992
85,1004992
124,1004399
105,1002143
19,1002143
151,1002144
90,1002144
151,1000306
90,1000306
109,1003789
29,1000547
105,1000309
64,1000309
56,1000871
64,1000871
7,1000871
151,1002140
19,1002140
90,1002140
105,1002142
92,1003693
135,1003791
113,1004102
151,1000312
90,1000312
64,1000315
7,1000316
105,1000318
5,1000318
25,1005127
8,1000319
86,1000319
109,1004084
135,1004084
47,1004094
133,1004052
63,1004052
114,1004990
85,1004990
95,1001122
60,1001850
37,1001247
56,1001247
113,1004095
151,1000324
8,1000326
86,1000326
7,1000332
98,1000332
109,1004471
124,1003695
99,1003695
110,1004099
56,1001821
60,1001821
64,1001821
8,1001821
86,1001821
151,1001819
90,1001819
107,1004997
109,1004401
88,1000341
124,1004050
84,1004050
110,1004051
134,1004051
60,1001817
195,1000239
111,1000240
130,1000240
159,1000240
39,1001856
98,1001856
104,1002139
26,1002579
64,1001654
8,1001655
86,1001655
124,1004446
130,1000581
74,1000581
165,1000342
113,1004079
60,1001836
106,1003720
99,1003720
105,1000343
151,1000343
19,1000344
88,1000344
90,1000344
33,1000241
86,1000241
143,1000246
64,1001682
88,1003002
5,1000345
86,1000345
135,1004081
104,1000346
132,1000346
102,1001837
64,1000561
8,1000561
86,1000561
110,1004100
47,1004100
124,1004048
133,1004048
63,1004048
104,1002137
105,1000347
151,1000347
19,1000347
24,1000550
8,1000550
86,1000550
88,1000348
109,1003749
135,1003749
104,1000349
8,1000349
86,1000349
5,1000351
132,1000352
165,1000352
112,1003340
15,1003340
132,1001282
165,1001282
132,1001285
165,1001285
8,1002912
86,1002912
109,1004445
106,1003717
124,1003717
99,1003717
108,1004987
146,1004987
80,1004987
23,1001838
64,1000562
8,1000562
86,1000562
104,1001371
5,1001371
86,1001371
104,1001277
5,1001277
8,1001277
86,1001277
105,1001275
132,1001275
106,1003685
124,1003685
99,1003685
151,1001272
109,1005196
102,1001842
124,1004982
24,1000552
108,1004870
25,1004870
85,1004871
64,1000563
86,1000563
152,1000242
64,1000242
93,1000242
150,1001653
50,1001653
6,1001653
135,1003335
109,1003809
135,1003809
104,1003440
88,1001369
141,1003333
55,1003333
135,1003334
42,1003334
168,1000569
88,1001271
165,1001594
180,1001594
107,1004867
124,1004867
25,1004867
47,1004078
44,1004237
127,1002576
26,1002576
168,1001081
108,1004873
85,1004873
64,1000564
160,1001520
103,1001267
128,1002578
160,1002578
135,1004083
32,1002942
75,1002942
76,1003710
114,1004402
85,1004402
109,1004403
127,1001519
128,1001519
113,1004104
8,1000565
86,1000565
132,1000566
88,1000566
180,1001521
159,1000267
93,1000267
118,1002951
22,1000262
29,1000262
168,1001078
103,1001214
115,1003003
113,1004097
107,1004885
188,1002952
110,1004096
135,1004082
109,1004385
124,1004533
135,1004533
53,1004533
168,1001079
110,1004075
47,1004075
92,1003666
126,1000556
24,1000556
8,1000556
28,1000557
109,1004444
65,1003439
33,1000269
24,1000553
29,1000553
28,1000554
135,1004883
124,1004981
135,1004032
25,1004872
109,1005227
103,1001264
26,1001264
103,1001848
47,1004448
104,1001366
8,1001366
86,1001366
39,1001851
60,1001851
98,1001851
104,1003438
114,1004449
85,1004449
36,1003317
151,1001241
90,1001241
101,1003001
124,1004443
126,1000555
132,1001263
5,1001263
124,1004415
103,1001841
168,1001841
47,1004068
56,1001238
29,1000335
103,1000313
2,1000313
103,1001855
88,1001324
126,1000560
28,1000560
85,1004875
24,1000578
22,1000579
29,1000579
109,1003819
135,1003819
24,1000558
8,1000558
86,1000558
143,1000580
61,1000580
146,1004988
80,1004988
98,1001847
26,1001487
126,1000577
22,1000577
28,1000577
132,1001287
5,1001287
8,1001287
86,1001287
103,1001076
168,1001076
2,1001076
143,1000594
33,1000594
93,1000594
152,1000595
62,1000595
130,1000624
64,1000624
107,1004865
124,1004865
25,1004865
110,1004047
84,1004047
124,1004876
22,1001835
29,1001835
124,1003670
99,1003670
104,1003574
103,1000576
2,1000576
168,1001075
2,1001075
56,1001075
103,1001074
2,1001074
124,1004565
109,1004441
23,1001843
112,1003616
15,1003616
39,1001846
60,1001846
159,1000623
129,1000290
110,1004073
102,1001844
168,1001073
56,1001073
110,1004076
47,1004076
103,1001852
2,1001853
103,1001072
2,1001072
132,1001262
134,1004046
168,1001118
2,1001071
56,1001071
124,1004980
88,1001259
103,1001070
2,1001070
150,1001651
6,1001651
168,1001652
50,1001652
84,1003318
104,1001258
2,1001113
103,1001254
26,1001254
5,1001256
8,1001256
86,1001256
115,1001069
56,1001069
103,1001068
2,1001068
124,1004045
84,1004045
113,1004239
12,1001235
37,1001235
109,1004035
135,1004035
92,1003665
165,1001593
180,1001593
134,1004044
146,1004989
80,1004989
108,1004877
85,1004877
103,1001839
2,1001839
103,1001112
2,1001112
98,1001840
133,1004043
63,1004043
127,1001488
128,1001489
160,1001489
124,1004437
181,1004880
113,1004240
124,1004882
53,1004882
124,1004864
107,1007316
25,1007316
135,1004881
107,1004863
25,1004863
98,1001050
114,1004935
85,1004935
47,1004069
103,1001067
115,1001067
2,1001067
103,1001051
2,1001051
103,1001111
2,1001111
181,1002306
101,1002953
129,1002953
92,1003680
132,1001291
5,1001291
8,1001291
86,1001291
109,1004405
47,1004405
50,1001650
115,1001064
103,1001063
2,1001063
135,1004413
53,1004413
2,1001109
44,1004238
126,1001833
28,1001833
24,1001834
8,1001834
86,1001834
56,1001052
118,1002913
62,1002913
95,1002982
108,1004535
181,1004535
98,1001053
80,1004489
84,1001054
181,1003713
84,1003713
103,1001055
2,1001055
115,1003004
110,1004072
84,1001148
188,1002914
2,1001627
104,1003328
42,1003328
103,1001305
146,1004491
85,1004491
124,1004412
115,1001304
143,1000058
152,1000058
,1001130
181,1003319
36,1003319
84,1003319
114,1004979
85,1004979
2,1001628
98,1001628
2,1001303
39,1001626
56,1001059
84,1001059
103,1001056
2,1001056
98,1001057
7,1002999
124,1002309
84,1002309
6,1001649
132,1001251
103,1001322
26,1001322
103,1000059
143,1000059
61,1000059
181,1002312
129,1002971
2,1001633
98,1001633
126,1002394
22,1002394
28,1002394
5,1001295
8,1001295
86,1001295
104,1001321
132,1001296
4,1000214
88,1001248
56,1002941
7,1002941
103,1001058
2,1001058
111,1000057
20,1000057
4,1000057
56,1001060
84,1001060
181,1003692
84,1003692
132,1001297
5,1001297
8,1001297
86,1001297
92,1003664
127,1001518
128,1001518
109,1004975
135,1004975
53,1004223
32,1002940
75,1002940
26,1001486
124,1004932
98,1001625
5,1001301
8,1001301
86,1001301
132,1001300
160,1001517
88,1001517
135,1003312
141,1003312
22,1001832
29,1001832
36,1003326
55,1003326
84,1001648
124,1004042
134,1004042
84,1004042
53,1005589
103,1001061
2,1001061
115,1001062
84,1001062
102,1001629
23,1001629
112,1003338
15,1003338
65,1003338
107,1007317
124,1007317
25,1007317
84,1001234
98,1001234
90,1001639
135,1004973
53,1004973
133,1004040
63,1004040
99,1002315
84,1002893
98,1002893
181,1004411
53,1004411
101,1002997
41,1002997
128,1001490
160,1001490
172,1003691
150,1001635
6,1001635
115,1001306
7,1001306
133,1004039
63,1004039
135,1004417
53,1004417
134,1004038
84,1001307
56,1002983
151,1001638
181,1004536
80,1004536
130,1000584
74,1000584
86,1000584
143,1000063
62,1000063
143,1000060
152,1000060
62,1000060
108,1004537
146,1004537
85,1004537
106,1002319
181,1002319
111,1000284
4,1000284
168,1001632
23,1001632
20,1000061
103,1000062
143,1000062
135,1003313
141,1003313
55,1003313
106,1003700
84,1003700
181,1003702
84,1003702
181,1003703
84,1003703
102,1001630
60,1001631
7,1001311
84,1001311
103,1001314
2,1001314
96,1001286
165,1001590
180,1001590
115,1001592
103,1001313
2,1001313
146,1004538
80,1004538
84,1003663
92,1003663
114,1004936
85,1004936
126,1001831
28,1001831
106,1002293
124,1002293
99,1002293
108,1004539
181,1004539
15,1001245
85,1001245
172,1003679
112,1001243
65,1001243
181,1002291
84,1002291
181,1003698
44,1003698
95,1002980
150,1001647
135,1004976
53,1004976
172,1003608
92,1003608
12,1001146
84,1001146
90,1001146
109,1004406
47,1004406
76,1003689
151,1001145
37,1001145
115,1001523
165,1001523
26,1001484
85,1004540
95,1001132
37,1001637
2,1001242
32,1002984
75,1002984
84,1003336
12,1001636
180,1001524
2,1001524
124,1004929
99,1002599
107,1007318
7,1001292
84,1001292
2,1001423
53,1003738
39,1001646
36,1003308
55,1003308
106,1002288
124,1002288
181,1002288
84,1002288
99,1002288
126,1002395
24,1002395
28,1002395
29,1002395
2,1001417
23,1001621
103,1000065
111,1000065
20,1000065
107,1004893
25,1004893
104,1001269
8,1000066
86,1000066
135,1004409
181,1004409
2,1001415
104,1003307
98,1001624
114,1004978
85,1004978
8,1002407
86,1002407
141,1003309
42,1003309
124,1003915
84,1003915
106,1004939
172,1003610
92,1003610
181,1003611
84,1003611
25,1004037
84,1001618
101,1002996
41,1002996
135,1004940
53,1004940
135,1004421
53,1004421
133,1003916
134,1003916
63,1003916
47,1003825
132,1001442
2,1001442
22,1002405
29,1002405
50,1001645
6,1001645
146,1004542
106,1002282
124,1002282
181,1002282
84,1002282
146,1004541
80,1004541
106,1002328
181,1002328
113,1002147
99,1002147
181,1004566
85,1004566
135,1003306
84,1003306
172,1003304
181,1003304
124,1002329
84,1002329
102,1001622
23,1001622
160,1001420
128,1001453
108,1004543
80,1004543
151,1001144
84,1001427
127,1001516
7,1001516
88,1001454
141,1003303
55,1003303
80,1004544
65,1001316
96,1001614
84,1001143
85,1004545
181,1004546
106,1004937
107,1004407
124,1004407
25,1004407
56,1002938
75,1002938
152,1000613
62,1000613
64,1000613
130,1000616
33,1000616
93,1000616
143,1000618
74,1000618
168,1001620
50,1001620
56,1002985
75,1002985
23,1001615
96,1001615
32,1002986
135,1004977
53,1004977
103,1000271
20,1000271
124,1004895
84,1001455
88,1001455
126,1001829
172,1003305
181,1003305
113,1002178
99,1002178
128,1001514
160,1001514
44,1002303
76,1002303
135,1003301
42,1003301
90,1001140
12,1001142
37,1001142
113,1002600
96,1001288
25,1003855
7,1001467
150,1001619
6,1001619
88,1003005
5,1004307
96,1001616
118,1002916
62,1002916
32,1002987
56,1002987
75,1002987
32,1002937
41,1002937
2,1006958
4,1006958
108,1004547
112,1001317
15,1001317
102,1002033
168,1002033
55,1003302
88,1001458
129,1002917
188,1002917
172,1003660
92,1003660
181,1003661
84,1003661
23,1003025
96,1003025
135,1004408
181,1004408
53,1004408
95,1002978
44,1003697
76,1003697
7,1001373
2,1003140
85,1003140
128,1001526
53,1004222
5,1002962
86,1002962
132,1002961
26,1002961
96,1003024
106,1004941
135,1004941
53,1004941
90,1002409
103,1002960
84,1002960
88,1002959
15,1001240
85,1001240
107,1004892
25,1004892
53,1005194
115,1001589
180,1001589
106,1002280
124,1002280
181,1002280
84,1002280
96,1003022
85,1004414
133,1003907
134,1003907
63,1003907
130,1000585
159,1000585
93,1000585
151,1002412
103,1003321
26,1003321
85,1003321
104,1003337
132,1003337
127,1001492
112,1001239
65,1001239
53,1003914
53,1004416
96,1002036
95,1001133
23,1003020
96,1003020
56,1003021
86,1003021
84,1001466
2,1003322
5,1003322
8,1003322
86,1003322
33,1000586
124,1003901
84,1003901
8,1002956
86,1002956
88,1002956
96,1001290
135,1004422
181,1004422
53,1004422
132,1002955
26,1002955
103,1002958
2,1002958
85,1002958
8,1000612
86,1000612
53,1004438
80,1004438
5,1002954
84,1002954
129,1002972
21,1004440
28,1004479
124,1002252
84,1002252
44,1002299
76,1002299
117,1004418
84,1001464
109,1004466
29,1002397
135,1004949
25,1003896
106,1005197
114,1005197
85,1005197
106,1004948
53,1004948
132,1003139
26,1003139
84,1001462
181,1003686
84,1003686
92,1003686
96,1003018
150,1002416
74,1006445
93,1006445
103,1000276
181,1001460
84,1001460
107,1004835
25,1004835
25,1005219
47,1005219
126,1002398
22,1002398
28,1002398
37,1001946
114,1004950
85,1004950
23,1003011
106,1002278
124,1002278
181,1002278
84,1002278
22,1002403
29,1002403
126,1001828
25,1003871
113,1002594
99,1002594
12,1002424
126,1001823
107,1004891
126,1001824
56,1001375
96,1001375
96,1003606
126,1001825
113,1002610
181,1002963
84,1002963
55,1003690
88,1003690
126,1001827
24,1001827
23,1003014
56,1001339
96,1001339
96,1003017
104,1003299
172,1003299
55,1003299
172,1003300
25,1003300
168,1002029
50,1002029
181,1004464
150,1002030
6,1002030
109,1004424
47,1004424
113,1002177
99,1002177
101,1002995
41,1002995
56,1001340
96,1001340
135,1004462
53,1004462
132,1003604
2,1006956
4,1006956
53,1003737
106,1002251
181,1002251
53,1002251
106,1004943
135,1004943
135,1004983
53,1004983
1,1003659
2,1003659
53,1005193
56,1001341
96,1001341
124,1002250
84,1002250
108,1004564
135,1004833
181,1004833
53,1004833
181,1002964
84,1002964
136,1003658
23,1003015
106,1004951
114,1004951
85,1004951
106,1002277
124,1002277
181,1002277
84,1002277
95,1002977
181,1001342
56,1001342
96,1001342
49,1003288
103,1003119
2,1003119
5,1003121
8,1003121
86,1003121
132,1003123
26,1003123
106,1004947
134,1001686
25,1005218
47,1005218
32,1002988
75,1002988
106,1005198
114,1005198
85,1005198
115,1001527
165,1001527
141,1003286
36,1003286
5,1003286
135,1004946
96,1003285
181,1001444
181,1002970
96,1002970
25,1003127
85,1003127
96,1001383
128,1001529
95,1001134
133,1001684
63,1001684
49,1003045
53,1003045
96,1003045
56,1001382
15,1001237
65,1001237
84,1002437
107,1004972
8,1000592
23,1003016
8,1003284
86,1003284
130,1000605
74,1000605
143,1000606
152,1000607
33,1000609
62,1000609
64,1000609
44,1003696
76,1003696
60,1002044
56,1001236
1,1002882
53,1002882
141,1003115
104,1003116
55,1003116
141,1003117
36,1003117
126,1002042
49,1002881
96,1002881
39,1002037
96,1002037
98,1002037
181,1004832
180,1002880
172,1002266
92,1002266
60,1002487
128,1001586
64,1000593
135,1004831
53,1004831
106,1001681
181,1001681
106,1004836
135,1004836
108,1004548
126,1002497
53,1002497
53,1001680
106,1002276
124,1002276
84,1002276
25,1003878
56,1001379
96,1001379
181,1001380
44,1003667
76,1003667
8,1000610
86,1000610
93,1000610
103,1003180
92,1002264
65,1001161
85,1001161
126,1002028
53,1002028
113,1002601
106,1004945
53,1004945
26,1003179
109,1004551
181,1001378
96,1001378
112,1001162
15,1001162
106,1005199
114,1005199
85,1005199
106,1004952
114,1004952
85,1004952
160,1001530
75,1001530
181,1002249
53,1002249
36,1002965
55,1002965
104,1002966
141,1002966
96,1002966
180,1001531
75,1001531
135,1004944
104,1003283
141,1003283
36,1003283
55,1003283
53,1003010
129,1002918
188,1002918
62,1002918
102,1002485
165,1001599
180,1001599
53,1003009
25,1003282
53,1003282
96,1001377
108,1004563
96,1002481
21,1004436
28,1004436
107,1004843
25,1004843
106,1005220
25,1005220
151,1002441
90,1002441
96,1003276
49,1003280
5,1003280
113,1002176
99,1002176
172,1002267
92,1002267
88,1003277
96,1003277
1,1003278
2,1003278
86,1003278
132,1003279
53,1003008
101,1002994
41,1002994
180,1003183
126,1002801
195,1002801
53,1002041
103,1003184
26,1003184
126,1002039
24,1001826
28,1001826
15,1001320
85,1001320
118,1003039
56,1001164
23,1001598
96,1004304
135,1004830
181,1004830
151,1001139
84,1001139
96,1001139
75,1001384
135,1004828
53,1004828
53,1003181
135,1004827
181,1004827
53,1004827
104,1003275
141,1003275
36,1003275
55,1003275
88,1003275
135,1004306
136,1003273
163,1003273
85,1003273
25,1004036
1,1003274
2,1003274
49,1003274
180,1003012
96,1002969
103,1003182
180,1003182
106,1004841
135,1004841
53,1004841
25,1002992
134,1002611
63,1002611
32,1002989
2,1006957
95,1002979
172,1003044
106,1004953
114,1004954
106,1005200
25,1005200
47,1005200
109,1004567
47,1004567
108,1004562
135,1004837
53,1004837
12,1002449
50,1002453
2,1006955
4,1006955
64,1002809
25,1002967
53,1002967
96,1002967
2,1006950
4,1006950
25,1004955
113,1002175
114,1005224
85,1005224
141,1003272
36,1003272
55,1003272
114,1005686
133,1001679
63,1001679
95,1001135
99,1002268
5,1003270
8,1003270
134,1001678
53,1001678
106,1007319
24,1002827
29,1002827
107,1004971
92,1002261
118,1002919
62,1002919
188,1002920
172,1002260
99,1002260
61,1002804
64,1002804
159,1002805
33,1002805
132,1003269
130,1002803
8,1002803
86,1002803
93,1002803
22,1002824
106,1004858
25,1005226
113,1002602
108,1004549
109,1004549
165,1001597
118,1002973
7,1001533
115,1001596
56,1001232
172,1003296
25,1005202
47,1005202
108,1004552
53,1001387
126,1001388
104,1003268
141,1003268
55,1003268
129,1002974
188,1002974
113,1002608
129,1002808
152,1002808
132,1003271
5,1003271
85,1003271
152,1002806
33,1002806
92,1002157
53,1004030
2,1006952
106,1005221
25,1003265
53,1003265
96,1003265
2,1003267
8,1003267
39,1002800
36,1003266
49,1003266
5,1003266
106,1004840
135,1004840
53,1004840
195,1002821
4,1002821
129,1002823
4,1006965
172,1002269
99,1002269
53,1001385
44,1003193
67,1007331
96,1007331
127,1001495
61,1002826
136,1003263
163,1003263
88,1003264
181,1004825
2,1006954
4,1006954
109,1004553
47,1004553
134,1002270
136,1003261
163,1003261
113,1002148
134,1002259
129,1002830
195,1002830
141,1003262
55,1003262
107,1004890
25,1004890
29,1002820
143,1002831
4,1002831
53,1002831
37,1002462
84,1002462
181,1004844
180,1003185
180,1001595
126,1002932
53,1002932
97,1002933
180,1001389
88,1001389
97,1001401
126,1001391
53,1001391
7,1001391
109,1004560
47,1004560
1,1003260
88,1003260
96,1003260
24,1002828
28,1002828
21,1004435
28,1004435
101,1002993
41,1002993
168,1002796
79,1002796
180,1001392
7,1001392
88,1001392
181,1002275
160,1001535
23,1001535
65,1001166
102,1002521
12,1002521
168,1002521
106,1005222
126,1001469
180,1001469
88,1001394
151,1001138
90,1001138
53,1005229
47,1004798
127,1002934
59,1007125
98,1007125
97,1002935
56,1001168
85,1001168
114,1005223
85,1005223
128,1001536
165,1001536
134,1002271
126,1001473
172,1002272
99,1002272
12,1001137
37,1001137
84,1001137
25,1004960
47,1004960
44,1003259
76,1003259
100,1007127
67,1007127
136,1003256
53,1003256
96,1003256
59,1002846
91,1002846
4,1006964
7,1001512
115,1001537
75,1001537
12,1002026
53,1002026
32,1002990
180,1003029
88,1003029
126,1003030
53,1003030
141,1003196
104,1003257
36,1003257
180,1003186
130,1006456
159,1006456
126,1001477
53,1001477
97,1001477
100,1002845
9,1002845
44,1003323
129,1002844
45,1002844
104,1003208
53,1003208
55,1003208
181,1005241
106,1004838
25,1003295
150,1002470
112,1001231
15,1001231
129,1007130
4,1002818
143,1002819
62,1002819
106,1005230
181,1005230
88,1003031
115,1001584
25,1003255
85,1003255
126,1003032
56,1003032
2,1003253
8,1003253
86,1003253
95,1001136
114,1004962
85,1004962
103,1003076
26,1003076
180,1003034
53,1003034
61,1002835
118,1002922
127,1001475
88,1001475
97,1001475
53,1001476
4,1002829
95,1002976
117,1004426
80,1004426
126,1001402
180,1001402
180,1003075
135,1003294
42,1003294
165,1001582
23,1001582
29,1002816
107,1004970
25,1004970
56,1001230
65,1001230
152,1006448
159,1006448
172,1002256
99,1002256
88,1002209
33,1006455
64,1006455
76,1002212
86,1002212
134,1002603
53,1007132
22,1002817
53,1002817
148,1007138
106,1004824
92,1002179
104,1002213
132,1002213
5,1002213
160,1001510
75,1001510
136,1002208
163,1002208
1,1002708
109,1004559
47,1004559
126,1001474
53,1001474
53,1003040
126,1003042
56,1003042
53,1003028
127,1001509
141,1002215
53,1002215
55,1002215
135,1003293
42,1003293
53,1003033
41,1002991
44,1003187
172,1002273
25,1002273
99,1002273
181,1004846
130,1006443
8,1006443
86,1006443
113,1002149
133,1002161
53,1002161
63,1002614
47,1004984
25,1002707
53,1002707
62,1002923
113,1002156
134,1002156
92,1002156
126,1003046
88,1003046
1,1002216
96,1002216
126,1001400
97,1001400
36,1002706
65,1001170
7,1001170
85,1001170
21,1004434
28,1004434
4,1006963
53,1001399
7,1001399
112,1001172
15,1001172
50,1002025
53,1002669
63,1002669
4,1002931
62,1002931
95,1002931
2,1002217
25,1002217
8,1002217
85,1002217
129,1002975
188,1002975
107,1004969
134,1002254
172,1002255
99,1002255
53,1007072
46,1005089
24,1005090
39,1005090
126,1003058
88,1003058
107,1004889
25,1004889
4,1006962
133,1002667
25,1002667
114,1005231
172,1005225
99,1005225
114,1005228
181,1005239
180,1001397
7,1001397
88,1001398
10,1002840
17,1002840
70,1002840
126,1001396
53,1001396
181,1004847
143,1002833
181,1005232
104,1002705
141,1002705
55,1002705
60,1002792
91,1007134
39,1005088
46,1005088
10,1005086
53,1005086
53,1007136
114,1004963
85,1004963
134,1003059
127,1001480
97,1001480
180,1003047
26,1003047
56,1003047
109,1004558
47,1004558
132,1002153
106,1004839
1,1002205
151,1002019
84,1002019
90,1002019
46,1005101
181,1004848
88,1001395
108,1004800
47,1004800
132,1002731
2,1002731
85,1002731
96,1002731
113,1002597
103,1003074
26,1003074
104,1002218
141,1002218
55,1002218
47,1004797
62,1002929
95,1002929
172,1005184
99,1005184
133,1002595
61,1002595
106,1004801
90,1007328
151,1002588
84,1002588
143,1002558
4,1007327
97,1007327
90,1007329
126,1003056
53,1003056
97,1003056
132,1002219
39,1005100
10,1005097
70,1005097
129,1004503
95,1004503
136,1002704
163,1002704
88,1002704
2,1002220
5,1002220
76,1002220
8,1002220
86,1002220
134,1003060
132,1002150
133,1002150
90,1004476
126,1003061
88,1003061
113,1002211
79,1006881
4,1002928
62,1002927
130,1006440
8,1006440
86,1006440
4,1006961
126,1003055
53,1003055
56,1003055
97,1003055
25,1003292
39,1005085
53,1005085
47,1004957
12,1004474
133,1002702
88,1002702
132,1002703
181,1005238
135,1003291
42,1003291
109,1004775
36,1002700
49,1002700
5,1002700
25,1002701
53,1002701
150,1001972
37,1001972
50,1001972
25,1002223
85,1002223
65,1001229
85,1001229
106,1004802
85,1005390
97,1001347
100,1006886
10,1005084
114,1005684
107,1004968
60,1006885
129,1002839
148,1002839
4,1002926
150,1004472
37,1004472
50,1004472
112,1001228
15,1001228
7,1001228
134,1003062
96,1006882
168,1006883
133,1006884
143,1006884
107,1004967
25,1005242
172,1005243
99,1005243
104,1002204
141,1002204
141,1002225
36,1002225
55,1002225
100,1006879
28,1006879
59,1006879
9,1006879
91,1006879
95,1006879
67,1006880
2,1002699
76,1002699
8,1002699
96,1002699
88,1003052
97,1003052
25,1003160
42,1003160
25,1003161
25,1003290
42,1003290
181,1004849
4,1002925
91,1007141
10,1005106
70,1005106
160,1001508
44,1003188
65,1007060
8,1006469
86,1006469
154,1002838
44,1003198
106,1004803
1,1002228
132,1002228
136,1002727
88,1002727
39,1005108
46,1005108
135,1003159
126,1003050
180,1003050
56,1003050
88,1003050
181,1004850
59,1007142
118,1004516
129,1004516
118,1006589
47,1004959
108,1004822
47,1004822
25,1006457
86,1006457
181,1005237
29,1005680
53,1005680
99,1005182
100,1007143
163,1002229
95,1004513
152,1005679
159,1005679
129,1005678
168,1005678
134,1002684
101,1006590
33,1005676
64,1005676
126,1002685
88,1002685
181,1005593
75,1001540
96,1006877
22,1005092
29,1005092
39,1005092
10,1005094
24,1005094
79,1007144
4,1002924
130,1006461
10,1005077
168,1005077
102,1005079
12,1005079
17,1005079
133,1005080
168,1005080
60,1005080
172,1005244
99,1005244
126,1003177
180,1003178
180,1002686
115,1001578
165,1001578
4,1004524
128,1001572
29,1005674
53,1005674
152,1005673
159,1005673
79,1006876
4,1006959
47,1004851
112,1001174
15,1001174
85,1001174
132,1002151
133,1002151
4,1006960
33,1005672
64,1005672
85,1005389
99,1005389
97,1003527
49,1002199
1,1002696
2,1002696
47,1004816
4,1001352
25,1001688
103,1003070
88,1003078
126,1003079
134,1003079
180,1003079
168,1005671
106,1004796
4,1004370
132,1002596
133,1002596
152,1005670
55,1002162
88,1002162
2,1002232
8,1002232
86,1002232
1,1002234
133,1002234
5,1002234
107,1004966
112,1001226
15,1001226
7,1001226
130,1006460
168,1006460
25,1006460
8,1006460
86,1006460
129,1007056
148,1007056
97,1003828
70,1005096
168,1005669
64,1005668
172,1005245
99,1005245
150,1001979
37,1001979
106,1004795
47,1004958
4,1001351
141,1002236
36,1002236
55,1002236
65,1002791
95,1002791
133,1004459
50,1004459
26,1003171
56,1003171
97,1003171
134,1002189
180,1002687
113,1002237
92,1002237
126,1002688
88,1002688
29,1005667
33,1005667
102,1005109
180,1003067
88,1003067
126,1003069
134,1003069
22,1005289
46,1005289
104,1002198
55,1002198
92,1002198
17,1007055
114,1005391
130,1006472
8,1006473
86,1006473
95,1004495
133,1002197
25,1002197
53,1002197
25,1002722
97,1003526
104,1002238
25,1002238
85,1002238
133,1002666
32,1004369
97,1004369
36,1002196
49,1002196
24,1005288
9,1007052
154,1007054
45,1007054
100,1007075
5,1002721
85,1002721
141,1002616
76,1002616
4,1004659
76,1002239
141,1002195
76,1002195
88,1002195
172,1005246
99,1005246
181,1004965
126,1003066
134,1003066
88,1003066
101,1004528
85,1005392
,1004481
180,1003065
168,1005297
29,1005297
46,1005298
53,1005298
24,1005299
39,1005299
39,1005287
93,1005287
135,1003147
25,1003147
42,1003147
25,1002665
53,1002665
168,1006474
8,1006474
86,1006474
8,1002693
93,1005300
168,1005104
70,1005104
47,1004821
4,1001350
100,1007146
59,1007146
67,1007146
44,1003175
44,1003199
134,1007147
91,1007147
63,1002625
47,1004557
44,1003170
133,1002240
25,1002240
36,1002240
5,1002240
109,1004779
132,1002160
101,1004373
25,1003157
42,1003157
181,1005235
53,1002241
85,1002241
134,1001354
4,1001354
92,1002242
113,1002243
47,1004817
15,1001177
65,1001177
104,1002193
55,1002193
92,1002193
180,1002188
135,1003156
126,1002187
134,1002187
108,1004815
188,1004521
134,1002790
65,1002790
95,1002790
56,1003525
37,1004454
95,1004510
134,1001556
129,1005666
159,1005666
188,1004520
168,1006475
141,1002244
95,1002789
1,1002245
49,1002245
55,1002245
152,1005665
28,1006875
59,1006875
9,1006875
95,1006875
33,1005664
64,1005664
29,1005663
53,1005663
70,1005286
134,1001544
23,1001544
168,1005352
70,1005352
12,1005248
17,1005248
134,1002154
65,1006874
67,1006874
91,1006874
168,1006471
25,1006471
7,1001222
126,1002190
134,1002190
180,1002190
128,1001570
23,1001570
21,1004432
28,1004432
128,1001545
160,1001545
134,1001363
4,1001363
134,1001364
4,1001364
134,1001356
4,1001481
129,1005658
159,1005658
64,1005658
132,1002152
133,1002152
95,1002668
25,1002655
28,1002655
65,1002655
91,1002655
47,1004855
55,1002691
63,1002691
86,1002691
56,1003523
97,1003523
107,1005402
7,1003543
29,1005657
53,1005657
118,1004506
95,1004506
134,1002003
95,1002003
65,1001997
91,1001997
25,1001993
28,1001993
9,1001993
134,1001362
134,1001482
,1006476
1,1006250
2,1006250
8,1006250
133,1005113
98,1005113
102,1005247
154,1005247
150,1001985
50,1001985
36,1002246
8,1002246
85,1002246
86,1002246
96,1002246
92,1002247
1,1002192
2,1002192
8,1002192
33,1005656
152,1005655
107,1005401
65,1001220
85,1001220
95,1004655
113,1002248
63,1002248
134,1001361
118,1004505
188,1004505
132,1002605
85,1006006
63,1006007
112,1001216
15,1001216
47,1004820
33,1005660
118,1004509
188,1004509
104,1006008
36,1006009
181,1004857
114,1005388
85,1005388
132,1002607
150,1004452
50,1004452
37,1004453
134,1003146
26,1003146
159,1005662
109,1004556
47,1004556
114,1005393
85,1005393
134,1001360
168,1006479
47,1004818
8,1006010
134,1004392
180,1002191
102,1005249
12,1005249
168,1007150
1,1006363
2,1006363
96,1006363
108,1004814
126,1002689
88,1002689
53,1006478
135,1003148
25,1003148
136,1006017
163,1006017
160,1001451
75,1001451
28,1006524
9,1006524
91,1006524
25,1006525
126,1002185
45,1006514
59,1006514
86,1005384
100,1006513
46,1006513
79,1006513
36,1006019
63,1006019
106,1004804
134,1004391
9,1005075
100,1007149
129,1007149
148,1007149
32,1004368
97,1004368
104,1006021
5,1006021
85,1006021
134,1006526
108,1004813
134,1003162
103,1003544
56,1003544
180,1002678
88,1002678
25,1006512
1,1005922
136,1005922
163,1005922
2,1005922
96,1005922
93,1005285
63,1005923
134,1006511
95,1006511
44,1003235
22,1005284
46,1005284
135,1003155
25,1003155
42,1003155
24,1005283
74,1005283
134,1004390
95,1004390
86,1006484
21,1004430
76,1002643
154,1005118
17,1005118
98,1005118
103,1003827
97,1003827
44,1003169
39,1005282
47,1004854
180,1002690
,1005642
136,1006026
163,1006026
95,1004653
168,1007076
2,1006028
96,1006028
168,1007151
160,1001506
75,1001506
1,1006033
8,1006033
86,1006033
154,1005119
113,1006304
92,1006304
118,1004389
168,1006480
21,1004431
24,1005281
70,1005281
70,1005303
74,1005303
107,1005400
47,1004819
49,1006306
47,1004853
76,1002662
118,1004657
129,1006486
98,1006486
113,1006046
92,1006364
36,1006309
5,1006309
8,1006309
150,1001988
37,1001988
133,1004450
50,1004450
126,1002676
180,1002676
134,1004388
95,1004388
188,1004383
88,1002675
107,1005399
132,1002494
133,1002494
134,1003173
26,1003173
134,1003541
150,1004531
37,1004531
63,1006311
168,1005351
1,1006365
2,1006365
180,1002182
37,1004442
115,1001564
165,1001564
114,1005685
133,1005122
65,1006527
91,1006527
79,1006516
95,1006516
25,1003149
42,1003149
134,1006518
25,1006518
28,1006529
9,1006529
95,1006529
85,1005928
134,1006530
25,1006530
8,1006485
86,1006485
152,1005654
25,1005654
24,1005305
46,1005305
25,1004393
28,1004393
9,1004393
65,1004394
91,1004394
95,1004394
128,1001560
23,1001560
132,1002491
,1006481
132,1002606
32,1004376
101,1004379
188,1004379
113,1006366
92,1006366
114,1005387
134,1003145
26,1003145
63,1006052
134,1004318
95,1004318
4,1003532
7,1003532
1,1006313
113,1006313
49,1006313
39,1005306
93,1005306
33,1005653
64,1005653
29,1005652
53,1005652
150,1004321
50,1004322
2,1006315
36,1006315
92,1006315
96,1006053
1,1006367
108,1004555
47,1004555
5,1005932
63,1005932
8,1005932
88,1006368
25,1004319
28,1004319
9,1004319
56,1003545
166,1004782
172,1004782
21,1004782
166,1004807
172,1004807
88,1006316
150,1004320
50,1004320
166,1004792
34,1004792
108,1004794
172,1004794
103,1003546
97,1003546
59,1006569
126,1005915
88,1005915
59,1006567
4,1003830
7,1003830
166,1004790
172,1004790
134,1003540
26,1003540
4,1003534
7,1003534
36,1006055
15,1001181
65,1001181
133,1004324
28,1004324
9,1004324
95,1004324
109,1006354
34,1006355
112,1001211
15,1001211
5,1006056
96,1006056
46,1005651
49,1006058
92,1006058
44,1003126
63,1006060
1,1006063
2,1006063
63,1005933
4,1003539
7,1003539
100,1006510
79,1006510
95,1006510
134,1003538
26,1003538
25,1004325
9,1004325
150,1004330
91,1004330
133,1004331
9,1004331
50,1004332
65,1004332
95,1004332
8,1006065
88,1006065
4,1003520
97,1003520
133,1004326
28,1004326
25,1004333
104,1005385
76,1002652
150,1004530
91,1004530
103,1003518
56,1003518
44,1003166
8,1005941
96,1005941
1,1006318
182,1006318
2,1006318
4,1003829
101,1004382
188,1004382
132,1002493
133,1002493
7,1003129
160,1001498
126,1005914
55,1005914
29,1005638
53,1005638
134,1004327
95,1004327
36,1005397
26,1003163
42,1003163
25,1006509
107,1005396
102,1005350
12,1005350
17,1005350
92,1005687
12,1005353
17,1005353
114,1005394
25,1005649
46,1005649
86,1005649
134,1006508
45,1006508
25,1003150
65,1004334
133,1004335
126,1002670
180,1002670
88,1002670
7,1003130
128,1001546
165,1001546
152,1005637
64,1005637
28,1004337
9,1004337
25,1004338
50,1004338
95,1004336
107,1005691
76,1002439
135,1003151
150,1004339
91,1004339
26,1003144
160,1001450
75,1001450
86,1005650
4,1003535
118,1005161
182,1005688
33,1005635
133,1004378
28,1004378
102,1005354
1,1006068
2,1006072
96,1006072
114,1005386
150,1004341
91,1004341
103,1003548
97,1003548
25,1004342
9,1004342
134,1004343
65,1004328
91,1004328
4,1003549
56,1003549
36,1005690
5,1005690
92,1005690
39,1005279
74,1005279
133,1004344
28,1004344
46,1005648
63,1005701
50,1004345
70,1005307
74,1005307
135,1003154
25,1003154
9,1004346
134,1006507
25,1006507
45,1006507
32,1004377
33,1005634
46,1005634
50,1004347
152,1005628
64,1005628
8,1005768
10,1005278
70,1005278
113,1006096
8,1006096
88,1006096
46,1006076
96,1006076
98,1006488
37,1004317
112,1001208
15,1001208
65,1001208
100,1006506
79,1006506
95,1006506
29,1005627
53,1005627
25,1005646
141,1002710
100,1005074
129,1005074
51,1005074
20,1007074
113,1006323
88,1006323
96,1006323
25,1005639
63,1005702
28,1004350
65,1004350
9,1004350
150,1004381
188,1004381
91,1004381
92,1005689
152,1005626
64,1005626
91,1004351
107,1005692
182,1005692
4,1003536
150,1004329
50,1004329
101,1004380
112,1001183
85,1001183
132,1002488
150,1004352
50,1004352
134,1004353
22,1005277
46,1005277
132,1004668
133,1004668
2,1006324
46,1006324
8,1006324
65,1004354
55,1005383
39,1005308
93,1005308
126,1005912
55,1005912
46,1006566
182,1006103
46,1005645
133,1004356
28,1004356
25,1005644
118,1005160
5,1005694
36,1005693
5,1005693
10,1005309
24,1005309
134,1001550
23,1001550
113,1005403
7,1003141
22,1005310
46,1005310
25,1004360
9,1004360
114,1006297
44,1003124
103,1003517
4,1003517
56,1003517
97,1003517
8,1005959
96,1005959
46,1006111
8,1006111
86,1006111
103,1003831
97,1003831
106,1006359
133,1004365
25,1005641
4,1003550
56,1003550
160,1001448
75,1001448
118,1005159
101,1004362
22,1006415
25,1006415
134,1004358
65,1004358
65,1004363
1,1006328
2,1006328
8,1006328
22,1006422
2,1006115
46,1006115
96,1006115
36,1005695
49,1005695
141,1002417
76,1002417
133,1005355
98,1005355
100,1006503
45,1006503
118,1005158
25,1004359
9,1004359
134,1006504
25,1006504
101,1005407
25,1005407
46,1007153
182,1006124
96,1006329
50,1005408
50,1005412
9,1005412
63,1005721
7,1003174
25,1006427
20,1005622
53,1005622
152,1005623
29,1005623
64,1005623
136,1006130
163,1006130
25,1005417
65,1005417
79,1006505
95,1006505
9,1005409
60,1005349
25,1005640
118,1005162
100,1005072
148,1005072
134,1005410
101,1001194
6,1001194
100,1005066
129,1005066
25,1006410
103,1003515
132,1003515
160,1001500
132,1003551
102,1005348
12,1005348
150,1005128
91,1005128
56,1003823
114,1005611
101,1001193
65,1001193
25,1001192
50,1001192
108,1006357
56,1003552
44,1003122
136,1006330
7,1003251
134,1006501
25,1006501
45,1006501
1,1005965
2,1005965
8,1005965
88,1005965
96,1005965
88,1006138
96,1006138
113,1005735
103,1003553
4,1003553
63,1005703
26,1003164
42,1003164
70,1005312
133,1005125
28,1005125
44,1003167
112,1001207
15,1001207
12,1005356
154,1005356
102,1005357
22,1005357
28,1007347
59,1006565
7,1003134
100,1006500
134,1006500
45,1006500
33,1005632
132,1002490
141,1002711
28,1007229
10,1005313
37,1004315
22,1006409
10,1005276
152,1005621
132,1002486
65,1001206
85,1001206
101,1001196
50,1001196
6,1001196
65,1001196
55,1006293
88,1006293
115,1001552
128,1001552
75,1001552
128,1005425
46,1006564
25,1001197
9,1001197
150,1005156
25,1006403
182,1006172
46,1006172
96,1006172
136,1006173
163,1006173
10,1005314
24,1005315
88,1005395
92,1005395
104,1006292
126,1006292
135,1003152
25,1003152
63,1005732
7,1003138
33,1005631
46,1005631
1,1006171
182,1006171
24,1005275
39,1005275
133,1004675
47,1006340
160,1001447
75,1001447
1,1006143
2,1006143
46,1006143
8,1006143
79,1006499
95,1006499
1,1006338
2,1006338
17,1005347
96,1006337
174,1005997
136,1006167
182,1006167
2,1006167
8,1006167
141,1002421
76,1002421
182,1006000
46,1006162
25,1001198
50,1001198
101,1001189
65,1001189
1,1005708
2,1005708
8,1005708
86,1005708
126,1005917
180,1005917
101,1001199
46,1006331
136,1006003
153,1006003
163,1006003
1,1006332
2,1006332
8,1006332
182,1005974
96,1005974
88,1006149
182,1006160
1,1006164
8,1006164
86,1006164
136,1006155
163,1006155
117,1006004
96,1006150
20,1005617
64,1005617
80,1006342
7,1003135
133,1001188
46,1006151
47,1006369
4,1006344
37,1004313
46,1004313
59,1004314
185,1006345
96,1006345
76,1002435
29,1005619
53,1005619
96,1005984
63,1005730
182,1006336
2,1005710
46,1006335
47,1006335
46,1005711
8,1006346
160,1001200
65,1001200
75,1001200
97,1003554
2,1006334
8,1006334
133,1001201
50,1001202
65,1001202
80,1006352
113,1005404
101,1001187
50,1001187
133,1005423
25,1001186
65,1001186
44,1003168
4,1003555
56,1003555
44,1003120
9,1005433
46,1006563
56,1003821
118,1005147
188,1005147
7,1003137
150,1005148
91,1005148
46,1006562
112,1001185
15,1001185
85,1001185
98,1005358
55,1006289
101,1001203
50,1001203
2,1006372
8,1006372
75,1005434
36,1005696
49,1005696
113,1005741
133,1001204
25,1001204
65,1001204
29,1005613
132,1003514
4,1003514
182,1006074
7,1006074
32,1005149
97,1003820
148,1005068
63,1005704
126,1006285
180,1006285
107,1005697
5,1005697
133,1005150
28,1005150
104,1005905
4,1005905
51,1006490
101,1006873
50,1006873
133,1006872
25,1006872
65,1006872
47,1005406
112,1005454
15,1005454
85,1005454
101,1004625
50,1004625
101,1004627
50,1004627
10,1005273
93,1005273
133,1004691
74,1005272
8,1007227
46,1006777
4,1007349
133,1005447
4,1007225
102,1005345
133,1006802
25,1006802
50,1006802
24,1005316
70,1005316
101,1004694
133,1004694
50,1004694
118,1005163
101,1004689
50,1004689
7,1004689
24,1005270
70,1005270
64,1005612
39,1005318
93,1005318
141,1002330
36,1006204
5,1006204
133,1006871
25,1006871
101,1006870
50,1006870
17,1005344
104,1005918
126,1005918
55,1005918
133,1005819
133,1005489
133,1006803
25,1006803
50,1006803
46,1005699
49,1006274
128,1005442
165,1005442
12,1005359
17,1005359
4,1003557
7,1003557
76,1002430
101,1006804
50,1006804
103,1003558
50,1003558
9,1005444
21,1006421
28,1006421
26,1003165
42,1003165
50,1003814
7,1003814
115,1005441
75,1005441
25,1006805
133,1006869
25,1006869
56,1003559
97,1003559
101,1006868
50,1006868
188,1005154
91,1005154
102,1005364
150,1005155
44,1003118
103,1003513
56,1003513
4,1005724
104,1006283
133,1005445
46,1006198
46,1006786
102,1005363
107,1006191
101,1005478
101,1006806
135,1005476
63,1005705
44,1004706
50,1004706
113,1005738
80,1005715
63,1005719
114,1006291
135,1005474
104,1006249
46,1006776
75,1005587
25,1006398
133,1005479
42,1006867
44,1006867
160,1005586
101,1005481
50,1005481
126,1005756
55,1005756
92,1005756
37,1004312
59,1004312
134,1006386
25,1006386
134,1006392
25,1006392
102,1005365
133,1005361
98,1005361
154,1005362
22,1005362
150,1005153
91,1005153
50,1005482
133,1005484
44,1005484
102,1005343
12,1005343
102,1005366
47,1005744
6,1005439
9,1005439
101,1004687
50,1004687
7,1004687
44,1005513
141,1002400
104,1005755
49,1005755
150,1005171
28,1005178
32,1005178
117,1006595
112,1005555
85,1005555
150,1005170
91,1005170
46,1006787
133,1004705
36,1006185
5,1006185
46,1004309
50,1002474
7,1002474
33,1005319
7,1004695
104,1006347
101,1004629
50,1004629
4,1003561
7,1003561
97,1003561
28,1005179
32,1005179
75,1005179
101,1005506
50,1005506
7,1006071
133,1005485
44,1005485
50,1005485
37,1004310
59,1004310
46,1004311
101,1005487
103,1003562
50,1003562
56,1003562
32,1005809
75,1005809
128,1005810
28,1005810
32,1005810
6,1005813
117,1006349
4,1003806
7,1003806
118,1005167
188,1005167
44,1005505
117,1005713
20,1005609
188,1005165
17,1005342
12,1005368
133,1005340
100,1006384
134,1006384
95,1006384
180,1006077
7,1006077
180,1005920
55,1005920
104,1005919
126,1005919
133,1005491
113,1005722
135,1005473
132,1002456
7,1002456
22,1005341
15,1005556
2,1006251
8,1006251
118,1005166
49,1005754
55,1005754
88,1005754
101,1002465
50,1002465
117,1006023
24,1005320
70,1005320
114,1006054
17,1005367
22,1005367
98,1005367
44,1005494
50,1005494
154,1005369
22,1005369
98,1005369
20,1005608
53,1005608
10,1005321
74,1005321
101,1005492
26,1005492
44,1005492
44,1005499
50,1005499
63,1005720
100,1006356
95,1006493
150,1005172
91,1005172
39,1005322
93,1005322
,1006371
101,1004685
50,1004685
7,1004685
126,1005752
92,1005752
20,1005607
135,1005471
150,1005169
91,1005169
28,1005585
113,1005405
24,1005269
70,1005269
32,1005584
4,1005750
33,1005268
74,1005268
7,1004696
185,1006252
135,1005469
50,1002404
56,1002404
20,1005598
46,1006179
20,1005323
9,1005583
7,1006170
36,1006177
46,1006177
107,1006165
5,1006165
39,1005267
93,1005267
129,1005062
148,1005062
45,1006353
49,1005723
88,1005723
104,1005772
4,1005772
42,1006866
44,1006866
56,1002402
7,1002402
42,1005524
44,1005524
160,1005582
75,1005582
113,1005706
4,1005706
42,1005523
44,1005523
6,1005580
9,1005580
114,1006286
101,1003799
112,1005558
15,1005559
85,1005559
6,1005821
117,1005717
134,1005063
47,1005766
135,1005467
23,1005462
165,1005579
75,1005579
50,1004642
32,1005822
75,1005822
112,1005560
15,1005560
85,1005560
23,1005526
113,1005748
185,1006420
2,1006420
21,1006420
28,1006420
4,1006420
8,1006420
86,1006420
7,1004639
101,1004683
100,1006351
95,1006351
23,1006807
23,1005464
23,1005519
117,1006022
23,1005466
128,1005578
63,1006049
128,1005824
28,1005824
132,1004636
7,1004636
23,1005521
117,1005765
80,1005718
126,1006211
92,1006211
39,1005325
93,1005325
59,1004308
45,1005596
79,1005596
150,1005174
91,1005174
103,1006276
50,1006276
97,1006276
56,1006278
86,1006278
150,1005173
91,1005173
76,1003802
76,1004714
47,1005746
135,1005529
141,1006279
7,1006279
79,1005594
76,1004697
76,1007069
4,1006282
160,1005577
75,1005577
55,1006210
80,1005714
42,1005528
44,1005528
180,1006273
4,1006273
63,1006273
133,1005338
17,1005338
150,1005827
91,1005827
135,1005531
42,1005531
44,1005531
93,1005265
79,1005592
33,1005326
70,1005326
12,1005337
32,1005576
180,1006085
28,1006419
8,1006419
113,1006032
4,1006032
47,1006024
4,1006374
154,1005370
98,1005370
10,1005333
33,1005333
70,1005333
23,1006809
4,1006051
50,1006051
56,1006051
7,1006051
101,1003804
126,1006209
180,1006209
4,1006209
188,1005168
76,1007070
76,1004708
133,1005371
22,1005371
132,1004699
148,1005061
103,1006284
141,1006284
113,1006034
4,1006034
79,1005590
7,1006070
12,1005372
17,1005372
180,1006047
49,1006050
63,1006050
150,1005826
91,1005826
9,1005574
10,1005327
24,1005327
185,1006375
76,1004715
6,1005573
9,1005573
104,1006370
126,1006208
180,1006208
134,1005059
55,1006206
4,1006207
112,1005562
85,1005562
150,1005825
91,1005825
92,1006205
10,1005335
33,1005335
74,1005336
76,1004700
114,1006059
7,1006059
39,1005328
93,1005328
160,1005575
160,1005572
15,1005563
20,1005329
74,1005329
113,1006035
23,1006808
128,1005570
28,1005570
55,1006583
180,1006600
79,1004896
129,1005055
95,1005055
46,1006788
150,1005176
91,1005176
104,1005773
4,1005773
63,1006272
88,1006272
32,1005833
49,1006268
148,1006492
98,1006492
115,1005569
165,1005569
80,1006246
39,1005264
93,1005264
17,1005332
24,1005332
20,1005262
24,1005262
70,1005262
93,1005262
36,1006317
5,1006317
128,1005831
28,1005831
150,1005568
91,1005568
8,1007178
37,1004898
46,1004898
79,1004898
154,1005373
17,1005373
22,1005373
150,1005828
91,1005828
117,1006020
49,1006045
63,1006045
37,1004897
46,1004897
10,1005260
24,1005260
33,1005260
33,1005261
74,1005261
93,1005261
180,1006044
103,1006062
50,1006062
20,1005259
70,1005259
95,1005259
100,1005254
50,1006069
7,1006069
100,1005058
148,1005058
135,1005554
42,1005554
44,1005554
103,1006067
141,1006067
148,1005056
37,1004934
46,1004934
79,1004934
101,1006064
56,1006064
7,1006064
112,1005564
85,1005564
185,1006376
2,1006376
8,1006376
15,1005565
180,1006212
47,1006031
150,1005829
91,1005829
134,1005256
95,1005256
46,1006314
42,1005548
135,1005550
44,1005550
103,1003512
50,1003512
56,1003512
51,1005258
98,1005258
100,1005049
134,1005049
20,1005049
70,1005049
95,1005049
49,1006042
180,1006092
180,1006041
88,1006041
37,1004933
79,1004933
113,1006262
4,1006262
,1005255
70,1005252
46,1006789
24,1005053
74,1005053
93,1005053
76,1004701
47,1006025
126,1006584
92,1006584
4,1005778
70,1005034
49,1006040
63,1006040
135,1005551
150,1005551
44,1005551
107,1006312
36,1006312
12,1004916
20,1004916
180,1006039
135,1005552
44,1005552
80,1006245
46,1004931
4,1006229
55,1006253
12,1004915
20,1004915
45,1004915
36,1006153
45,1004899
70,1005251
80,1007320
150,1005837
113,1006261
4,1006261
46,1006799
70,1005024
4,1006248
46,1005860
46,1006775
47,1006030
97,1006101
2,1007176
21,1007176
28,1007176
8,1007176
2,1006418
21,1006418
28,1006418
8,1006418
141,1006106
46,1006106
50,1006106
113,1006260
4,1006260
150,1005836
70,1005250
70,1005838
188,1006774
46,1006774
46,1006779
70,1006779
117,1006018
188,1006790
28,1005859
9,1005859
150,1005842
188,1005842
70,1005842
49,1006037
88,1006037
70,1005023
180,1006213
150,1005835
165,1005856
46,1006109
50,1006109
9,1005854
46,1007062
112,1005861
165,1005861
47,1006029
117,1006016
37,1004930
79,1004930
42,1005876
6,1005876
80,1006244
104,1005775
4,1005775
180,1006217
47,1006217
126,1005956
32,1005853
75,1005853
104,1005957
47,1006585
92,1006585
85,1005862
150,1005875
42,1005875
70,1007066
135,1006578
6,1006578
188,1006760
46,1006760
135,1006579
44,1006579
6,1006579
188,1005840
128,1005863
75,1005863
4,1006227
49,1006265
63,1006265
112,1005852
15,1005852
85,1005852
46,1007067
70,1007067
126,1006586
92,1006586
180,1006214
113,1006402
70,1005850
180,1006266
88,1006266
117,1006015
150,1005872
42,1005872
6,1005872
150,1005873
6,1005873
104,1006587
55,1006587
150,1005869
42,1005870
6,1005870
103,1006113
6,1006800
107,1006152
36,1006152
46,1006152
47,1005767
150,1005867
42,1005866
6,1005866
141,1006117
50,1006117
46,1006122
180,1006216
45,1004900
177,1005844
188,1006773
46,1006773
107,1006310
36,1006310
46,1006310
42,1006772
70,1006784
12,1004913
20,1004913
45,1004913
188,1006762
128,1005896
75,1005896
97,1006129
45,1004901
113,1006400
47,1006027
46,1006783
70,1006783
4,1006247
12,1004917
20,1004917
135,1006571
44,1006571
4,1006225
135,1006570
44,1006570
188,1005878
15,1005880
32,1005880
75,1005880
113,1006399
135,1006580
44,1006580
135,1006581
44,1006581
165,1005894
9,1005893
20,1004911
45,1004911
180,1005747
180,1006267
88,1006267
45,1004902
104,1006269
49,1006269
63,1006269
158,1005884
161,1006416
4,1006416
42,1006763
46,1006763
113,1006397
20,1004910
37,1004928
45,1004903
97,1006133
126,1005962
92,1005962
185,1006378
4,1006378
104,1006226
6,1006801
80,1006243
49,1006270
63,1006270
47,1005745
141,1006140
104,1006271
180,1006271
88,1006271
45,1004909
46,1005891
42,1006764
46,1006764
4,1005776
46,1006780
70,1006780
117,1006014
188,1006771
76,1006771
37,1004904
45,1004904
79,1004904
135,1006582
44,1006582
4,1005777
46,1006770
180,1005749
85,1005890
128,1005888
85,1005888
20,1004908
45,1004908
117,1006013
76,1006084
178,1005889
135,1006557
101,1006591
104,1005759
55,1005759
47,1005743
6,1006573
20,1004906
45,1004907
46,1006782
70,1006782
49,1006275
88,1006275
63,1006277
107,1006308
46,1006308
104,1006255
55,1006255
177,1006551
178,1006551
179,1006551
188,1006552
9,1006552
28,1006533
104,1006220
4,1006220
104,1006394
113,1006394
46,1006785
28,1006542
76,1006542
7,1007108
165,1006550
28,1006550
32,1006550
46,1006550
42,1006765
46,1006765
107,1006144
141,1006144
50,1006144
28,1006541
76,1006767
15,1006549
37,1004927
79,1004927
12,1004918
20,1004905
45,1004905
70,1006548
12,1004919
20,1004919
160,1006547
75,1006547
104,1006256
55,1006256
104,1006281
49,1006281
88,1006281
104,1006228
47,1005742
37,1004926
45,1004926
113,1006393
103,1006147
46,1006147
97,1006147
50,1006296
42,1006766
46,1006766
128,1006546
113,1006391
103,1006146
46,1006146
97,1006146
6,1006574
117,1005971
141,1006298
180,1006242
104,1006437
28,1006390
104,1006322
180,1006240
63,1006241
80,1006241
55,1006224
37,1004922
20,1004921
46,1006558
104,1006435
126,1006435
107,1006305
45,1004923
79,1004923
141,1006299
103,1006301
97,1006301
46,1006303
50,1006303
107,1005740
7,1007107
6,1006078
6,1006576
44,1006545
50,1005739
36,1005737
47,1005737
36,1005736
47,1005736
117,1006012
46,1006108
6,1006082
117,1005760
126,1006433
55,1006433
126,1006434
92,1006434
141,1006011
20,1004925
45,1004925
36,1007103
47,1007103
50,1007104
104,1006412
6,1006081
6,1006189
7,1007109
104,1006411
37,1004924
79,1004924
80,1006438
36,1007095
47,1007095
50,1007095
55,1006223
,1006186
97,1005734
36,1007102
47,1007102
50,1007102
103,1005733
141,1005733
6,1006187
101,1007110
141,1005731
97,1005729
114,1007106
114,1007111
88,1006406
104,1006405
104,1006407
49,1006407
104,1006408
49,1006408
6,1006080
6,1006184
6,1006079
180,1006429
55,1006222
36,1007096
180,1006231
6,1006188
114,1007112
47,1007112
141,1005728
36,1007101
47,1007101
50,1007101
103,1005727
97,1005727
36,1007097
47,1007097
50,1007097
49,1006414
55,1006414
103,1005726
141,1005726
97,1005726
101,1006192
143,1006192
150,1006192
55,1006428
55,1006221
36,1007100
47,1007100
50,1007100
117,1005762
103,1006257
180,1006439
76,1006119
103,1005763
141,1005763
97,1005763
101,1007105
114,1007105
47,1007105
7,1007105
55,1006423
126,1006239
103,1005980
141,1005980
55,1006597
180,1006453
63,1006453
55,1006596
55,1006219
76,1006120
55,1006425
80,1006441
114,1006724
47,1006724
126,1006451
103,1007089
97,1007089
180,1006452
63,1006452
50,1006728
7,1006728
141,1007091
180,1007091
63,1006450
117,1006733
103,1007087
141,1007087
180,1007087
80,1007087
141,1006736
50,1006722
7,1006722
180,1006449
63,1006449
92,1006237
7,1006721
114,1006719
47,1006719
7,1006720
114,1006718
117,1006732
92,1006446
141,1007324
80,1007324
50,1006714
7,1006714
114,1006716
47,1006716
114,1006713
47,1006713
92,1006236
141,1006737
80,1006737
103,1007086
141,1007086
117,1006735
141,1007323
80,1007323
92,1006235
103,1007092
97,1007092
47,1006712
47,1006711
7,1006730
141,1006738
80,1006738
80,1006819
185,1006820
141,1006821
185,1006821
80,1006821
141,1007322
50,1006745
141,1006739
80,1006739
114,1006758
143,1006758
47,1006690
114,1006759
143,1006759
103,1007084
180,1007084
97,1007084
126,1006444
180,1006444
92,1006444
143,1006709
141,1006822
185,1006822
80,1006822
50,1006830
50,1006744
97,1007082
103,1007083
117,1006731
141,1006731
36,1006731
103,1007094
180,1007094
92,1007094
141,1006823
50,1006823
80,1006823
56,1006706
50,1006746
50,1006743
141,1006829
185,1006829
80,1006829
141,1006824
185,1006824
80,1006824
141,1006855
36,1006855
143,1006687
117,1006686
80,1006686
117,1006755
185,1006755
141,1006756
36,1006756
80,1006756
141,1006825
185,1006825
80,1006825
50,1006832
141,1006828
185,1006828
80,1006828
47,1006842
5,1006747
50,1006747
47,1006843
141,1006854
36,1006854
50,1006833
143,1006685
80,1006685
141,1006848
36,1006848
5,1006748
50,1006748
5,1006742
50,1006742
80,1006741
143,1006683
80,1006683
36,1006849
117,1006679
185,1006679
141,1006853
36,1006853
185,1006750
185,1006834
47,1006844
143,1006680
80,1006680
185,1006835
185,1006751
47,1006845
80,1006682
185,1006838
141,1006852
117,1006693
185,1006693
141,1006851
36,1006851
185,1006836
36,1006850
47,1006846
141,1006753
101,1006202
143,1006202
185,1006749
,1006163
117,1006678
185,1006678
47,1006847
80,1006681
97,1007269
117,1006159
185,1006159
91,1006159
117,1006694
185,1006694
117,1006677
185,1006677
114,1005990
117,1005990
185,1005990
114,1005985
117,1005985
141,1005986
185,1005986
47,1005986
150,1005989
91,1005989
150,1005987
91,1005987
141,1005988
185,1005988
185,1006695
117,1006166
185,1006166
91,1006166
80,1006700
150,1005993
91,1005993
143,1006671
141,1005991
185,1005991
114,1005992
117,1005992
47,1005992
101,1006169
91,1006169
185,1006676
150,1005983
91,1005983
141,1006705
143,1006705
114,1005982
141,1005981
80,1006701
101,1006864
91,1006864
150,1005994
91,1005994
141,1006670
143,1006670
141,1005996
114,1005995
117,1005995
80,1006702
80,1006699
141,1006672
143,1006672
141,1005979
185,1005979
150,1005978
47,1005978
101,1006861
91,1006861
114,1005970
117,1005970
114,1005977
117,1005977
80,1006698
101,1006863
91,1006863
141,1006154
101,1006862
91,1006862
101,1006858
91,1006858
91,1006145
141,1006697
80,1006697
141,1006703
80,1006703
21,1007159
28,1007159
28,1007275
